id,trace_id,version,problem,trace_text,step_index,num_steps,step_text,step_prefix_text,error_step_index,label,label_name,error_type,correct_answer,corrupted_answer
pe_v1_0000_correct_step1,pe_v1_0000,correct,计算 26 + 12 + 23。,"题目：计算 26 + 12 + 23。
步骤1：先计算 26 + 12 = 38。
步骤2：再计算 38 + 23 = 61。
答案：61。",1,3,步骤1：先计算 26 + 12 = 38。,"题目：计算 26 + 12 + 23。
步骤1：先计算 26 + 12 = 38。",-1,-1,no_error_control,final_addition_error,61,59
pe_v1_0000_correct_step2,pe_v1_0000,correct,计算 26 + 12 + 23。,"题目：计算 26 + 12 + 23。
步骤1：先计算 26 + 12 = 38。
步骤2：再计算 38 + 23 = 61。
答案：61。",2,3,步骤2：再计算 38 + 23 = 61。,"题目：计算 26 + 12 + 23。
步骤1：先计算 26 + 12 = 38。
步骤2：再计算 38 + 23 = 61。",-1,-1,no_error_control,final_addition_error,61,59
pe_v1_0000_correct_step3,pe_v1_0000,correct,计算 26 + 12 + 23。,"题目：计算 26 + 12 + 23。
步骤1：先计算 26 + 12 = 38。
步骤2：再计算 38 + 23 = 61。
答案：61。",3,3,答案：61。,"题目：计算 26 + 12 + 23。
步骤1：先计算 26 + 12 = 38。
步骤2：再计算 38 + 23 = 61。
答案：61。",-1,-1,no_error_control,final_addition_error,61,59
pe_v1_0000_corrupted_step1,pe_v1_0000,corrupted,计算 26 + 12 + 23。,"题目：计算 26 + 12 + 23。
步骤1：先计算 26 + 12 = 38。
步骤2：再计算 38 + 23 = 59。
答案：59。",1,3,步骤1：先计算 26 + 12 = 38。,"题目：计算 26 + 12 + 23。
步骤1：先计算 26 + 12 = 38。",2,0,before_error,final_addition_error,61,59
pe_v1_0000_corrupted_step2,pe_v1_0000,corrupted,计算 26 + 12 + 23。,"题目：计算 26 + 12 + 23。
步骤1：先计算 26 + 12 = 38。
步骤2：再计算 38 + 23 = 59。
答案：59。",2,3,步骤2：再计算 38 + 23 = 59。,"题目：计算 26 + 12 + 23。
步骤1：先计算 26 + 12 = 38。
步骤2：再计算 38 + 23 = 59。",2,1,at_or_after_error,final_addition_error,61,59
pe_v1_0000_corrupted_step3,pe_v1_0000,corrupted,计算 26 + 12 + 23。,"题目：计算 26 + 12 + 23。
步骤1：先计算 26 + 12 = 38。
步骤2：再计算 38 + 23 = 59。
答案：59。",3,3,答案：59。,"题目：计算 26 + 12 + 23。
步骤1：先计算 26 + 12 = 38。
步骤2：再计算 38 + 23 = 59。
答案：59。",2,1,at_or_after_error,final_addition_error,61,59
pe_v1_0001_correct_step1,pe_v1_0001,correct,计算 10 × 6 + 52。,"题目：计算 10 × 6 + 52。
步骤1：先计算 10 × 6 = 60。
步骤2：再计算 60 + 52 = 112。
答案：112。",1,3,步骤1：先计算 10 × 6 = 60。,"题目：计算 10 × 6 + 52。
步骤1：先计算 10 × 6 = 60。",-1,-1,no_error_control,final_addition_error,112,108
pe_v1_0001_correct_step2,pe_v1_0001,correct,计算 10 × 6 + 52。,"题目：计算 10 × 6 + 52。
步骤1：先计算 10 × 6 = 60。
步骤2：再计算 60 + 52 = 112。
答案：112。",2,3,步骤2：再计算 60 + 52 = 112。,"题目：计算 10 × 6 + 52。
步骤1：先计算 10 × 6 = 60。
步骤2：再计算 60 + 52 = 112。",-1,-1,no_error_control,final_addition_error,112,108
pe_v1_0001_correct_step3,pe_v1_0001,correct,计算 10 × 6 + 52。,"题目：计算 10 × 6 + 52。
步骤1：先计算 10 × 6 = 60。
步骤2：再计算 60 + 52 = 112。
答案：112。",3,3,答案：112。,"题目：计算 10 × 6 + 52。
步骤1：先计算 10 × 6 = 60。
步骤2：再计算 60 + 52 = 112。
答案：112。",-1,-1,no_error_control,final_addition_error,112,108
pe_v1_0001_corrupted_step1,pe_v1_0001,corrupted,计算 10 × 6 + 52。,"题目：计算 10 × 6 + 52。
步骤1：先计算 10 × 6 = 60。
步骤2：再计算 60 + 52 = 108。
答案：108。",1,3,步骤1：先计算 10 × 6 = 60。,"题目：计算 10 × 6 + 52。
步骤1：先计算 10 × 6 = 60。",2,0,before_error,final_addition_error,112,108
pe_v1_0001_corrupted_step2,pe_v1_0001,corrupted,计算 10 × 6 + 52。,"题目：计算 10 × 6 + 52。
步骤1：先计算 10 × 6 = 60。
步骤2：再计算 60 + 52 = 108。
答案：108。",2,3,步骤2：再计算 60 + 52 = 108。,"题目：计算 10 × 6 + 52。
步骤1：先计算 10 × 6 = 60。
步骤2：再计算 60 + 52 = 108。",2,1,at_or_after_error,final_addition_error,112,108
pe_v1_0001_corrupted_step3,pe_v1_0001,corrupted,计算 10 × 6 + 52。,"题目：计算 10 × 6 + 52。
步骤1：先计算 10 × 6 = 60。
步骤2：再计算 60 + 52 = 108。
答案：108。",3,3,答案：108。,"题目：计算 10 × 6 + 52。
步骤1：先计算 10 × 6 = 60。
步骤2：再计算 60 + 52 = 108。
答案：108。",2,1,at_or_after_error,final_addition_error,112,108
pe_v1_0002_correct_step1,pe_v1_0002,correct,计算 (26 + 21) × 3。,"题目：计算 (26 + 21) × 3。
步骤1：先计算括号内 26 + 21 = 47。
步骤2：再计算 47 × 3 = 141。
答案：141。",1,3,步骤1：先计算括号内 26 + 21 = 47。,"题目：计算 (26 + 21) × 3。
步骤1：先计算括号内 26 + 21 = 47。",-1,-1,no_error_control,final_multiplication_error,141,145
pe_v1_0002_correct_step2,pe_v1_0002,correct,计算 (26 + 21) × 3。,"题目：计算 (26 + 21) × 3。
步骤1：先计算括号内 26 + 21 = 47。
步骤2：再计算 47 × 3 = 141。
答案：141。",2,3,步骤2：再计算 47 × 3 = 141。,"题目：计算 (26 + 21) × 3。
步骤1：先计算括号内 26 + 21 = 47。
步骤2：再计算 47 × 3 = 141。",-1,-1,no_error_control,final_multiplication_error,141,145
pe_v1_0002_correct_step3,pe_v1_0002,correct,计算 (26 + 21) × 3。,"题目：计算 (26 + 21) × 3。
步骤1：先计算括号内 26 + 21 = 47。
步骤2：再计算 47 × 3 = 141。
答案：141。",3,3,答案：141。,"题目：计算 (26 + 21) × 3。
步骤1：先计算括号内 26 + 21 = 47。
步骤2：再计算 47 × 3 = 141。
答案：141。",-1,-1,no_error_control,final_multiplication_error,141,145
pe_v1_0002_corrupted_step1,pe_v1_0002,corrupted,计算 (26 + 21) × 3。,"题目：计算 (26 + 21) × 3。
步骤1：先计算括号内 26 + 21 = 47。
步骤2：再计算 47 × 3 = 145。
答案：145。",1,3,步骤1：先计算括号内 26 + 21 = 47。,"题目：计算 (26 + 21) × 3。
步骤1：先计算括号内 26 + 21 = 47。",2,0,before_error,final_multiplication_error,141,145
pe_v1_0002_corrupted_step2,pe_v1_0002,corrupted,计算 (26 + 21) × 3。,"题目：计算 (26 + 21) × 3。
步骤1：先计算括号内 26 + 21 = 47。
步骤2：再计算 47 × 3 = 145。
答案：145。",2,3,步骤2：再计算 47 × 3 = 145。,"题目：计算 (26 + 21) × 3。
步骤1：先计算括号内 26 + 21 = 47。
步骤2：再计算 47 × 3 = 145。",2,1,at_or_after_error,final_multiplication_error,141,145
pe_v1_0002_corrupted_step3,pe_v1_0002,corrupted,计算 (26 + 21) × 3。,"题目：计算 (26 + 21) × 3。
步骤1：先计算括号内 26 + 21 = 47。
步骤2：再计算 47 × 3 = 145。
答案：145。",3,3,答案：145。,"题目：计算 (26 + 21) × 3。
步骤1：先计算括号内 26 + 21 = 47。
步骤2：再计算 47 × 3 = 145。
答案：145。",2,1,at_or_after_error,final_multiplication_error,141,145
pe_v1_0003_correct_step1,pe_v1_0003,correct,解方程 2x + 4 = 34。,"题目：解方程 2x + 4 = 34。
步骤1：两边减去 4，得到 2x = 30。
步骤2：两边除以 2，得到 x = 15。
答案：x = 15。",1,3,步骤1：两边减去 4，得到 2x = 30。,"题目：解方程 2x + 4 = 34。
步骤1：两边减去 4，得到 2x = 30。",-1,-1,no_error_control,division_error,15,13
pe_v1_0003_correct_step2,pe_v1_0003,correct,解方程 2x + 4 = 34。,"题目：解方程 2x + 4 = 34。
步骤1：两边减去 4，得到 2x = 30。
步骤2：两边除以 2，得到 x = 15。
答案：x = 15。",2,3,步骤2：两边除以 2，得到 x = 15。,"题目：解方程 2x + 4 = 34。
步骤1：两边减去 4，得到 2x = 30。
步骤2：两边除以 2，得到 x = 15。",-1,-1,no_error_control,division_error,15,13
pe_v1_0003_correct_step3,pe_v1_0003,correct,解方程 2x + 4 = 34。,"题目：解方程 2x + 4 = 34。
步骤1：两边减去 4，得到 2x = 30。
步骤2：两边除以 2，得到 x = 15。
答案：x = 15。",3,3,答案：x = 15。,"题目：解方程 2x + 4 = 34。
步骤1：两边减去 4，得到 2x = 30。
步骤2：两边除以 2，得到 x = 15。
答案：x = 15。",-1,-1,no_error_control,division_error,15,13
pe_v1_0003_corrupted_step1,pe_v1_0003,corrupted,解方程 2x + 4 = 34。,"题目：解方程 2x + 4 = 34。
步骤1：两边减去 4，得到 2x = 30。
步骤2：两边除以 2，得到 x = 13。
答案：x = 13。",1,3,步骤1：两边减去 4，得到 2x = 30。,"题目：解方程 2x + 4 = 34。
步骤1：两边减去 4，得到 2x = 30。",2,0,before_error,division_error,15,13
pe_v1_0003_corrupted_step2,pe_v1_0003,corrupted,解方程 2x + 4 = 34。,"题目：解方程 2x + 4 = 34。
步骤1：两边减去 4，得到 2x = 30。
步骤2：两边除以 2，得到 x = 13。
答案：x = 13。",2,3,步骤2：两边除以 2，得到 x = 13。,"题目：解方程 2x + 4 = 34。
步骤1：两边减去 4，得到 2x = 30。
步骤2：两边除以 2，得到 x = 13。",2,1,at_or_after_error,division_error,15,13
pe_v1_0003_corrupted_step3,pe_v1_0003,corrupted,解方程 2x + 4 = 34。,"题目：解方程 2x + 4 = 34。
步骤1：两边减去 4，得到 2x = 30。
步骤2：两边除以 2，得到 x = 13。
答案：x = 13。",3,3,答案：x = 13。,"题目：解方程 2x + 4 = 34。
步骤1：两边减去 4，得到 2x = 30。
步骤2：两边除以 2，得到 x = 13。
答案：x = 13。",2,1,at_or_after_error,division_error,15,13
pe_v1_0004_correct_step1,pe_v1_0004,correct,计算 39 + 25 + 38。,"题目：计算 39 + 25 + 38。
步骤1：先计算 39 + 25 = 64。
步骤2：再计算 64 + 38 = 102。
答案：102。",1,3,步骤1：先计算 39 + 25 = 64。,"题目：计算 39 + 25 + 38。
步骤1：先计算 39 + 25 = 64。",-1,-1,no_error_control,final_addition_error,102,104
pe_v1_0004_correct_step2,pe_v1_0004,correct,计算 39 + 25 + 38。,"题目：计算 39 + 25 + 38。
步骤1：先计算 39 + 25 = 64。
步骤2：再计算 64 + 38 = 102。
答案：102。",2,3,步骤2：再计算 64 + 38 = 102。,"题目：计算 39 + 25 + 38。
步骤1：先计算 39 + 25 = 64。
步骤2：再计算 64 + 38 = 102。",-1,-1,no_error_control,final_addition_error,102,104
pe_v1_0004_correct_step3,pe_v1_0004,correct,计算 39 + 25 + 38。,"题目：计算 39 + 25 + 38。
步骤1：先计算 39 + 25 = 64。
步骤2：再计算 64 + 38 = 102。
答案：102。",3,3,答案：102。,"题目：计算 39 + 25 + 38。
步骤1：先计算 39 + 25 = 64。
步骤2：再计算 64 + 38 = 102。
答案：102。",-1,-1,no_error_control,final_addition_error,102,104
pe_v1_0004_corrupted_step1,pe_v1_0004,corrupted,计算 39 + 25 + 38。,"题目：计算 39 + 25 + 38。
步骤1：先计算 39 + 25 = 64。
步骤2：再计算 64 + 38 = 104。
答案：104。",1,3,步骤1：先计算 39 + 25 = 64。,"题目：计算 39 + 25 + 38。
步骤1：先计算 39 + 25 = 64。",2,0,before_error,final_addition_error,102,104
pe_v1_0004_corrupted_step2,pe_v1_0004,corrupted,计算 39 + 25 + 38。,"题目：计算 39 + 25 + 38。
步骤1：先计算 39 + 25 = 64。
步骤2：再计算 64 + 38 = 104。
答案：104。",2,3,步骤2：再计算 64 + 38 = 104。,"题目：计算 39 + 25 + 38。
步骤1：先计算 39 + 25 = 64。
步骤2：再计算 64 + 38 = 104。",2,1,at_or_after_error,final_addition_error,102,104
pe_v1_0004_corrupted_step3,pe_v1_0004,corrupted,计算 39 + 25 + 38。,"题目：计算 39 + 25 + 38。
步骤1：先计算 39 + 25 = 64。
步骤2：再计算 64 + 38 = 104。
答案：104。",3,3,答案：104。,"题目：计算 39 + 25 + 38。
步骤1：先计算 39 + 25 = 64。
步骤2：再计算 64 + 38 = 104。
答案：104。",2,1,at_or_after_error,final_addition_error,102,104
pe_v1_0005_correct_step1,pe_v1_0005,correct,计算 3 × 12 + 17。,"题目：计算 3 × 12 + 17。
步骤1：先计算 3 × 12 = 36。
步骤2：再计算 36 + 17 = 53。
答案：53。",1,3,步骤1：先计算 3 × 12 = 36。,"题目：计算 3 × 12 + 17。
步骤1：先计算 3 × 12 = 36。",-1,-1,no_error_control,final_addition_error,53,57
pe_v1_0005_correct_step2,pe_v1_0005,correct,计算 3 × 12 + 17。,"题目：计算 3 × 12 + 17。
步骤1：先计算 3 × 12 = 36。
步骤2：再计算 36 + 17 = 53。
答案：53。",2,3,步骤2：再计算 36 + 17 = 53。,"题目：计算 3 × 12 + 17。
步骤1：先计算 3 × 12 = 36。
步骤2：再计算 36 + 17 = 53。",-1,-1,no_error_control,final_addition_error,53,57
pe_v1_0005_correct_step3,pe_v1_0005,correct,计算 3 × 12 + 17。,"题目：计算 3 × 12 + 17。
步骤1：先计算 3 × 12 = 36。
步骤2：再计算 36 + 17 = 53。
答案：53。",3,3,答案：53。,"题目：计算 3 × 12 + 17。
步骤1：先计算 3 × 12 = 36。
步骤2：再计算 36 + 17 = 53。
答案：53。",-1,-1,no_error_control,final_addition_error,53,57
pe_v1_0005_corrupted_step1,pe_v1_0005,corrupted,计算 3 × 12 + 17。,"题目：计算 3 × 12 + 17。
步骤1：先计算 3 × 12 = 36。
步骤2：再计算 36 + 17 = 57。
答案：57。",1,3,步骤1：先计算 3 × 12 = 36。,"题目：计算 3 × 12 + 17。
步骤1：先计算 3 × 12 = 36。",2,0,before_error,final_addition_error,53,57
pe_v1_0005_corrupted_step2,pe_v1_0005,corrupted,计算 3 × 12 + 17。,"题目：计算 3 × 12 + 17。
步骤1：先计算 3 × 12 = 36。
步骤2：再计算 36 + 17 = 57。
答案：57。",2,3,步骤2：再计算 36 + 17 = 57。,"题目：计算 3 × 12 + 17。
步骤1：先计算 3 × 12 = 36。
步骤2：再计算 36 + 17 = 57。",2,1,at_or_after_error,final_addition_error,53,57
pe_v1_0005_corrupted_step3,pe_v1_0005,corrupted,计算 3 × 12 + 17。,"题目：计算 3 × 12 + 17。
步骤1：先计算 3 × 12 = 36。
步骤2：再计算 36 + 17 = 57。
答案：57。",3,3,答案：57。,"题目：计算 3 × 12 + 17。
步骤1：先计算 3 × 12 = 36。
步骤2：再计算 36 + 17 = 57。
答案：57。",2,1,at_or_after_error,final_addition_error,53,57
pe_v1_0006_correct_step1,pe_v1_0006,correct,计算 (25 + 21) × 8。,"题目：计算 (25 + 21) × 8。
步骤1：先计算括号内 25 + 21 = 46。
步骤2：再计算 46 × 8 = 368。
答案：368。",1,3,步骤1：先计算括号内 25 + 21 = 46。,"题目：计算 (25 + 21) × 8。
步骤1：先计算括号内 25 + 21 = 46。",-1,-1,no_error_control,final_multiplication_error,368,364
pe_v1_0006_correct_step2,pe_v1_0006,correct,计算 (25 + 21) × 8。,"题目：计算 (25 + 21) × 8。
步骤1：先计算括号内 25 + 21 = 46。
步骤2：再计算 46 × 8 = 368。
答案：368。",2,3,步骤2：再计算 46 × 8 = 368。,"题目：计算 (25 + 21) × 8。
步骤1：先计算括号内 25 + 21 = 46。
步骤2：再计算 46 × 8 = 368。",-1,-1,no_error_control,final_multiplication_error,368,364
pe_v1_0006_correct_step3,pe_v1_0006,correct,计算 (25 + 21) × 8。,"题目：计算 (25 + 21) × 8。
步骤1：先计算括号内 25 + 21 = 46。
步骤2：再计算 46 × 8 = 368。
答案：368。",3,3,答案：368。,"题目：计算 (25 + 21) × 8。
步骤1：先计算括号内 25 + 21 = 46。
步骤2：再计算 46 × 8 = 368。
答案：368。",-1,-1,no_error_control,final_multiplication_error,368,364
pe_v1_0006_corrupted_step1,pe_v1_0006,corrupted,计算 (25 + 21) × 8。,"题目：计算 (25 + 21) × 8。
步骤1：先计算括号内 25 + 21 = 46。
步骤2：再计算 46 × 8 = 364。
答案：364。",1,3,步骤1：先计算括号内 25 + 21 = 46。,"题目：计算 (25 + 21) × 8。
步骤1：先计算括号内 25 + 21 = 46。",2,0,before_error,final_multiplication_error,368,364
pe_v1_0006_corrupted_step2,pe_v1_0006,corrupted,计算 (25 + 21) × 8。,"题目：计算 (25 + 21) × 8。
步骤1：先计算括号内 25 + 21 = 46。
步骤2：再计算 46 × 8 = 364。
答案：364。",2,3,步骤2：再计算 46 × 8 = 364。,"题目：计算 (25 + 21) × 8。
步骤1：先计算括号内 25 + 21 = 46。
步骤2：再计算 46 × 8 = 364。",2,1,at_or_after_error,final_multiplication_error,368,364
pe_v1_0006_corrupted_step3,pe_v1_0006,corrupted,计算 (25 + 21) × 8。,"题目：计算 (25 + 21) × 8。
步骤1：先计算括号内 25 + 21 = 46。
步骤2：再计算 46 × 8 = 364。
答案：364。",3,3,答案：364。,"题目：计算 (25 + 21) × 8。
步骤1：先计算括号内 25 + 21 = 46。
步骤2：再计算 46 × 8 = 364。
答案：364。",2,1,at_or_after_error,final_multiplication_error,368,364
pe_v1_0007_correct_step1,pe_v1_0007,correct,解方程 6x + 3 = 99。,"题目：解方程 6x + 3 = 99。
步骤1：两边减去 3，得到 6x = 96。
步骤2：两边除以 6，得到 x = 16。
答案：x = 16。",1,3,步骤1：两边减去 3，得到 6x = 96。,"题目：解方程 6x + 3 = 99。
步骤1：两边减去 3，得到 6x = 96。",-1,-1,no_error_control,division_error,16,15
pe_v1_0007_correct_step2,pe_v1_0007,correct,解方程 6x + 3 = 99。,"题目：解方程 6x + 3 = 99。
步骤1：两边减去 3，得到 6x = 96。
步骤2：两边除以 6，得到 x = 16。
答案：x = 16。",2,3,步骤2：两边除以 6，得到 x = 16。,"题目：解方程 6x + 3 = 99。
步骤1：两边减去 3，得到 6x = 96。
步骤2：两边除以 6，得到 x = 16。",-1,-1,no_error_control,division_error,16,15
pe_v1_0007_correct_step3,pe_v1_0007,correct,解方程 6x + 3 = 99。,"题目：解方程 6x + 3 = 99。
步骤1：两边减去 3，得到 6x = 96。
步骤2：两边除以 6，得到 x = 16。
答案：x = 16。",3,3,答案：x = 16。,"题目：解方程 6x + 3 = 99。
步骤1：两边减去 3，得到 6x = 96。
步骤2：两边除以 6，得到 x = 16。
答案：x = 16。",-1,-1,no_error_control,division_error,16,15
pe_v1_0007_corrupted_step1,pe_v1_0007,corrupted,解方程 6x + 3 = 99。,"题目：解方程 6x + 3 = 99。
步骤1：两边减去 3，得到 6x = 96。
步骤2：两边除以 6，得到 x = 15。
答案：x = 15。",1,3,步骤1：两边减去 3，得到 6x = 96。,"题目：解方程 6x + 3 = 99。
步骤1：两边减去 3，得到 6x = 96。",2,0,before_error,division_error,16,15
pe_v1_0007_corrupted_step2,pe_v1_0007,corrupted,解方程 6x + 3 = 99。,"题目：解方程 6x + 3 = 99。
步骤1：两边减去 3，得到 6x = 96。
步骤2：两边除以 6，得到 x = 15。
答案：x = 15。",2,3,步骤2：两边除以 6，得到 x = 15。,"题目：解方程 6x + 3 = 99。
步骤1：两边减去 3，得到 6x = 96。
步骤2：两边除以 6，得到 x = 15。",2,1,at_or_after_error,division_error,16,15
pe_v1_0007_corrupted_step3,pe_v1_0007,corrupted,解方程 6x + 3 = 99。,"题目：解方程 6x + 3 = 99。
步骤1：两边减去 3，得到 6x = 96。
步骤2：两边除以 6，得到 x = 15。
答案：x = 15。",3,3,答案：x = 15。,"题目：解方程 6x + 3 = 99。
步骤1：两边减去 3，得到 6x = 96。
步骤2：两边除以 6，得到 x = 15。
答案：x = 15。",2,1,at_or_after_error,division_error,16,15
pe_v1_0008_correct_step1,pe_v1_0008,correct,计算 66 + 32 + 23。,"题目：计算 66 + 32 + 23。
步骤1：先计算 66 + 32 = 98。
步骤2：再计算 98 + 23 = 121。
答案：121。",1,3,步骤1：先计算 66 + 32 = 98。,"题目：计算 66 + 32 + 23。
步骤1：先计算 66 + 32 = 98。",-1,-1,no_error_control,final_addition_error,121,119
pe_v1_0008_correct_step2,pe_v1_0008,correct,计算 66 + 32 + 23。,"题目：计算 66 + 32 + 23。
步骤1：先计算 66 + 32 = 98。
步骤2：再计算 98 + 23 = 121。
答案：121。",2,3,步骤2：再计算 98 + 23 = 121。,"题目：计算 66 + 32 + 23。
步骤1：先计算 66 + 32 = 98。
步骤2：再计算 98 + 23 = 121。",-1,-1,no_error_control,final_addition_error,121,119
pe_v1_0008_correct_step3,pe_v1_0008,correct,计算 66 + 32 + 23。,"题目：计算 66 + 32 + 23。
步骤1：先计算 66 + 32 = 98。
步骤2：再计算 98 + 23 = 121。
答案：121。",3,3,答案：121。,"题目：计算 66 + 32 + 23。
步骤1：先计算 66 + 32 = 98。
步骤2：再计算 98 + 23 = 121。
答案：121。",-1,-1,no_error_control,final_addition_error,121,119
pe_v1_0008_corrupted_step1,pe_v1_0008,corrupted,计算 66 + 32 + 23。,"题目：计算 66 + 32 + 23。
步骤1：先计算 66 + 32 = 98。
步骤2：再计算 98 + 23 = 119。
答案：119。",1,3,步骤1：先计算 66 + 32 = 98。,"题目：计算 66 + 32 + 23。
步骤1：先计算 66 + 32 = 98。",2,0,before_error,final_addition_error,121,119
pe_v1_0008_corrupted_step2,pe_v1_0008,corrupted,计算 66 + 32 + 23。,"题目：计算 66 + 32 + 23。
步骤1：先计算 66 + 32 = 98。
步骤2：再计算 98 + 23 = 119。
答案：119。",2,3,步骤2：再计算 98 + 23 = 119。,"题目：计算 66 + 32 + 23。
步骤1：先计算 66 + 32 = 98。
步骤2：再计算 98 + 23 = 119。",2,1,at_or_after_error,final_addition_error,121,119
pe_v1_0008_corrupted_step3,pe_v1_0008,corrupted,计算 66 + 32 + 23。,"题目：计算 66 + 32 + 23。
步骤1：先计算 66 + 32 = 98。
步骤2：再计算 98 + 23 = 119。
答案：119。",3,3,答案：119。,"题目：计算 66 + 32 + 23。
步骤1：先计算 66 + 32 = 98。
步骤2：再计算 98 + 23 = 119。
答案：119。",2,1,at_or_after_error,final_addition_error,121,119
pe_v1_0009_correct_step1,pe_v1_0009,correct,计算 9 × 16 + 26。,"题目：计算 9 × 16 + 26。
步骤1：先计算 9 × 16 = 144。
步骤2：再计算 144 + 26 = 170。
答案：170。",1,3,步骤1：先计算 9 × 16 = 144。,"题目：计算 9 × 16 + 26。
步骤1：先计算 9 × 16 = 144。",-1,-1,no_error_control,final_addition_error,170,166
pe_v1_0009_correct_step2,pe_v1_0009,correct,计算 9 × 16 + 26。,"题目：计算 9 × 16 + 26。
步骤1：先计算 9 × 16 = 144。
步骤2：再计算 144 + 26 = 170。
答案：170。",2,3,步骤2：再计算 144 + 26 = 170。,"题目：计算 9 × 16 + 26。
步骤1：先计算 9 × 16 = 144。
步骤2：再计算 144 + 26 = 170。",-1,-1,no_error_control,final_addition_error,170,166
pe_v1_0009_correct_step3,pe_v1_0009,correct,计算 9 × 16 + 26。,"题目：计算 9 × 16 + 26。
步骤1：先计算 9 × 16 = 144。
步骤2：再计算 144 + 26 = 170。
答案：170。",3,3,答案：170。,"题目：计算 9 × 16 + 26。
步骤1：先计算 9 × 16 = 144。
步骤2：再计算 144 + 26 = 170。
答案：170。",-1,-1,no_error_control,final_addition_error,170,166
pe_v1_0009_corrupted_step1,pe_v1_0009,corrupted,计算 9 × 16 + 26。,"题目：计算 9 × 16 + 26。
步骤1：先计算 9 × 16 = 144。
步骤2：再计算 144 + 26 = 166。
答案：166。",1,3,步骤1：先计算 9 × 16 = 144。,"题目：计算 9 × 16 + 26。
步骤1：先计算 9 × 16 = 144。",2,0,before_error,final_addition_error,170,166
pe_v1_0009_corrupted_step2,pe_v1_0009,corrupted,计算 9 × 16 + 26。,"题目：计算 9 × 16 + 26。
步骤1：先计算 9 × 16 = 144。
步骤2：再计算 144 + 26 = 166。
答案：166。",2,3,步骤2：再计算 144 + 26 = 166。,"题目：计算 9 × 16 + 26。
步骤1：先计算 9 × 16 = 144。
步骤2：再计算 144 + 26 = 166。",2,1,at_or_after_error,final_addition_error,170,166
pe_v1_0009_corrupted_step3,pe_v1_0009,corrupted,计算 9 × 16 + 26。,"题目：计算 9 × 16 + 26。
步骤1：先计算 9 × 16 = 144。
步骤2：再计算 144 + 26 = 166。
答案：166。",3,3,答案：166。,"题目：计算 9 × 16 + 26。
步骤1：先计算 9 × 16 = 144。
步骤2：再计算 144 + 26 = 166。
答案：166。",2,1,at_or_after_error,final_addition_error,170,166
pe_v1_0010_correct_step1,pe_v1_0010,correct,计算 (7 + 16) × 3。,"题目：计算 (7 + 16) × 3。
步骤1：先计算括号内 7 + 16 = 23。
步骤2：再计算 23 × 3 = 69。
答案：69。",1,3,步骤1：先计算括号内 7 + 16 = 23。,"题目：计算 (7 + 16) × 3。
步骤1：先计算括号内 7 + 16 = 23。",-1,-1,no_error_control,final_multiplication_error,69,66
pe_v1_0010_correct_step2,pe_v1_0010,correct,计算 (7 + 16) × 3。,"题目：计算 (7 + 16) × 3。
步骤1：先计算括号内 7 + 16 = 23。
步骤2：再计算 23 × 3 = 69。
答案：69。",2,3,步骤2：再计算 23 × 3 = 69。,"题目：计算 (7 + 16) × 3。
步骤1：先计算括号内 7 + 16 = 23。
步骤2：再计算 23 × 3 = 69。",-1,-1,no_error_control,final_multiplication_error,69,66
pe_v1_0010_correct_step3,pe_v1_0010,correct,计算 (7 + 16) × 3。,"题目：计算 (7 + 16) × 3。
步骤1：先计算括号内 7 + 16 = 23。
步骤2：再计算 23 × 3 = 69。
答案：69。",3,3,答案：69。,"题目：计算 (7 + 16) × 3。
步骤1：先计算括号内 7 + 16 = 23。
步骤2：再计算 23 × 3 = 69。
答案：69。",-1,-1,no_error_control,final_multiplication_error,69,66
pe_v1_0010_corrupted_step1,pe_v1_0010,corrupted,计算 (7 + 16) × 3。,"题目：计算 (7 + 16) × 3。
步骤1：先计算括号内 7 + 16 = 23。
步骤2：再计算 23 × 3 = 66。
答案：66。",1,3,步骤1：先计算括号内 7 + 16 = 23。,"题目：计算 (7 + 16) × 3。
步骤1：先计算括号内 7 + 16 = 23。",2,0,before_error,final_multiplication_error,69,66
pe_v1_0010_corrupted_step2,pe_v1_0010,corrupted,计算 (7 + 16) × 3。,"题目：计算 (7 + 16) × 3。
步骤1：先计算括号内 7 + 16 = 23。
步骤2：再计算 23 × 3 = 66。
答案：66。",2,3,步骤2：再计算 23 × 3 = 66。,"题目：计算 (7 + 16) × 3。
步骤1：先计算括号内 7 + 16 = 23。
步骤2：再计算 23 × 3 = 66。",2,1,at_or_after_error,final_multiplication_error,69,66
pe_v1_0010_corrupted_step3,pe_v1_0010,corrupted,计算 (7 + 16) × 3。,"题目：计算 (7 + 16) × 3。
步骤1：先计算括号内 7 + 16 = 23。
步骤2：再计算 23 × 3 = 66。
答案：66。",3,3,答案：66。,"题目：计算 (7 + 16) × 3。
步骤1：先计算括号内 7 + 16 = 23。
步骤2：再计算 23 × 3 = 66。
答案：66。",2,1,at_or_after_error,final_multiplication_error,69,66
pe_v1_0011_correct_step1,pe_v1_0011,correct,解方程 6x + 5 = 83。,"题目：解方程 6x + 5 = 83。
步骤1：两边减去 5，得到 6x = 78。
步骤2：两边除以 6，得到 x = 13。
答案：x = 13。",1,3,步骤1：两边减去 5，得到 6x = 78。,"题目：解方程 6x + 5 = 83。
步骤1：两边减去 5，得到 6x = 78。",-1,-1,no_error_control,division_error,13,15
pe_v1_0011_correct_step2,pe_v1_0011,correct,解方程 6x + 5 = 83。,"题目：解方程 6x + 5 = 83。
步骤1：两边减去 5，得到 6x = 78。
步骤2：两边除以 6，得到 x = 13。
答案：x = 13。",2,3,步骤2：两边除以 6，得到 x = 13。,"题目：解方程 6x + 5 = 83。
步骤1：两边减去 5，得到 6x = 78。
步骤2：两边除以 6，得到 x = 13。",-1,-1,no_error_control,division_error,13,15
pe_v1_0011_correct_step3,pe_v1_0011,correct,解方程 6x + 5 = 83。,"题目：解方程 6x + 5 = 83。
步骤1：两边减去 5，得到 6x = 78。
步骤2：两边除以 6，得到 x = 13。
答案：x = 13。",3,3,答案：x = 13。,"题目：解方程 6x + 5 = 83。
步骤1：两边减去 5，得到 6x = 78。
步骤2：两边除以 6，得到 x = 13。
答案：x = 13。",-1,-1,no_error_control,division_error,13,15
pe_v1_0011_corrupted_step1,pe_v1_0011,corrupted,解方程 6x + 5 = 83。,"题目：解方程 6x + 5 = 83。
步骤1：两边减去 5，得到 6x = 78。
步骤2：两边除以 6，得到 x = 15。
答案：x = 15。",1,3,步骤1：两边减去 5，得到 6x = 78。,"题目：解方程 6x + 5 = 83。
步骤1：两边减去 5，得到 6x = 78。",2,0,before_error,division_error,13,15
pe_v1_0011_corrupted_step2,pe_v1_0011,corrupted,解方程 6x + 5 = 83。,"题目：解方程 6x + 5 = 83。
步骤1：两边减去 5，得到 6x = 78。
步骤2：两边除以 6，得到 x = 15。
答案：x = 15。",2,3,步骤2：两边除以 6，得到 x = 15。,"题目：解方程 6x + 5 = 83。
步骤1：两边减去 5，得到 6x = 78。
步骤2：两边除以 6，得到 x = 15。",2,1,at_or_after_error,division_error,13,15
pe_v1_0011_corrupted_step3,pe_v1_0011,corrupted,解方程 6x + 5 = 83。,"题目：解方程 6x + 5 = 83。
步骤1：两边减去 5，得到 6x = 78。
步骤2：两边除以 6，得到 x = 15。
答案：x = 15。",3,3,答案：x = 15。,"题目：解方程 6x + 5 = 83。
步骤1：两边减去 5，得到 6x = 78。
步骤2：两边除以 6，得到 x = 15。
答案：x = 15。",2,1,at_or_after_error,division_error,13,15
pe_v1_0012_correct_step1,pe_v1_0012,correct,计算 27 + 35 + 11。,"题目：计算 27 + 35 + 11。
步骤1：先计算 27 + 35 = 62。
步骤2：再计算 62 + 11 = 73。
答案：73。",1,3,步骤1：先计算 27 + 35 = 62。,"题目：计算 27 + 35 + 11。
步骤1：先计算 27 + 35 = 62。",-1,-1,no_error_control,final_addition_error,73,75
pe_v1_0012_correct_step2,pe_v1_0012,correct,计算 27 + 35 + 11。,"题目：计算 27 + 35 + 11。
步骤1：先计算 27 + 35 = 62。
步骤2：再计算 62 + 11 = 73。
答案：73。",2,3,步骤2：再计算 62 + 11 = 73。,"题目：计算 27 + 35 + 11。
步骤1：先计算 27 + 35 = 62。
步骤2：再计算 62 + 11 = 73。",-1,-1,no_error_control,final_addition_error,73,75
pe_v1_0012_correct_step3,pe_v1_0012,correct,计算 27 + 35 + 11。,"题目：计算 27 + 35 + 11。
步骤1：先计算 27 + 35 = 62。
步骤2：再计算 62 + 11 = 73。
答案：73。",3,3,答案：73。,"题目：计算 27 + 35 + 11。
步骤1：先计算 27 + 35 = 62。
步骤2：再计算 62 + 11 = 73。
答案：73。",-1,-1,no_error_control,final_addition_error,73,75
pe_v1_0012_corrupted_step1,pe_v1_0012,corrupted,计算 27 + 35 + 11。,"题目：计算 27 + 35 + 11。
步骤1：先计算 27 + 35 = 62。
步骤2：再计算 62 + 11 = 75。
答案：75。",1,3,步骤1：先计算 27 + 35 = 62。,"题目：计算 27 + 35 + 11。
步骤1：先计算 27 + 35 = 62。",2,0,before_error,final_addition_error,73,75
pe_v1_0012_corrupted_step2,pe_v1_0012,corrupted,计算 27 + 35 + 11。,"题目：计算 27 + 35 + 11。
步骤1：先计算 27 + 35 = 62。
步骤2：再计算 62 + 11 = 75。
答案：75。",2,3,步骤2：再计算 62 + 11 = 75。,"题目：计算 27 + 35 + 11。
步骤1：先计算 27 + 35 = 62。
步骤2：再计算 62 + 11 = 75。",2,1,at_or_after_error,final_addition_error,73,75
pe_v1_0012_corrupted_step3,pe_v1_0012,corrupted,计算 27 + 35 + 11。,"题目：计算 27 + 35 + 11。
步骤1：先计算 27 + 35 = 62。
步骤2：再计算 62 + 11 = 75。
答案：75。",3,3,答案：75。,"题目：计算 27 + 35 + 11。
步骤1：先计算 27 + 35 = 62。
步骤2：再计算 62 + 11 = 75。
答案：75。",2,1,at_or_after_error,final_addition_error,73,75
pe_v1_0013_correct_step1,pe_v1_0013,correct,计算 12 × 14 + 44。,"题目：计算 12 × 14 + 44。
步骤1：先计算 12 × 14 = 168。
步骤2：再计算 168 + 44 = 212。
答案：212。",1,3,步骤1：先计算 12 × 14 = 168。,"题目：计算 12 × 14 + 44。
步骤1：先计算 12 × 14 = 168。",-1,-1,no_error_control,final_addition_error,212,210
pe_v1_0013_correct_step2,pe_v1_0013,correct,计算 12 × 14 + 44。,"题目：计算 12 × 14 + 44。
步骤1：先计算 12 × 14 = 168。
步骤2：再计算 168 + 44 = 212。
答案：212。",2,3,步骤2：再计算 168 + 44 = 212。,"题目：计算 12 × 14 + 44。
步骤1：先计算 12 × 14 = 168。
步骤2：再计算 168 + 44 = 212。",-1,-1,no_error_control,final_addition_error,212,210
