id,prompt,label,type,category,entity,relation,char_len,token_len,token_len_source
ctrlv3_0000,请回答：Smalltalk的主要设计者是什么？,0,known_controlled_v3,programming_language,Smalltalk,主要设计者,23,10,Qwen/Qwen2.5-0.5B-Instruct
ctrlv3_0001,请回答：唐古拉山主峰的主要设计者是什么？,1,unknown_controlled_v3,mountain,唐古拉山主峰,主要设计者,20,14,Qwen/Qwen2.5-0.5B-Instruct
ctrlv3_0002,请回答：电流的国际单位是什么？,0,known_controlled_v3,physical_quantity,电流,国际单位,15,9,Qwen/Qwen2.5-0.5B-Instruct
ctrlv3_0003,请回答：功率的国际单位是什么？,0,known_controlled_v3,physical_quantity,功率,国际单位,15,9,Qwen/Qwen2.5-0.5B-Instruct
ctrlv3_0004,请回答：氧的主要流经大洲是什么？,1,unknown_controlled_v3,element,氧,主要流经大洲,16,11,Qwen/Qwen2.5-0.5B-Instruct
ctrlv3_0005,请回答：放射性活度的出生国家是什么？,1,unknown_controlled_v3,physical_quantity,放射性活度,出生国家,18,12,Qwen/Qwen2.5-0.5B-Instruct
ctrlv3_0006,请回答：甲烷的化学式是什么？,0,known_controlled_v3,chemical_compound,甲烷,化学式,14,10,Qwen/Qwen2.5-0.5B-Instruct
ctrlv3_0007,请回答：联合国儿童基金会的总部所在地是什么？,0,known_controlled_v3,organization,联合国儿童基金会,总部所在地,22,11,Qwen/Qwen2.5-0.5B-Instruct
ctrlv3_0008,请回答：体积的国际单位是什么？,0,known_controlled_v3,physical_quantity,体积,国际单位,15,9,Qwen/Qwen2.5-0.5B-Instruct
ctrlv3_0009,请回答：氯的化学符号是什么？,0,known_controlled_v3,element,氯,化学符号,14,9,Qwen/Qwen2.5-0.5B-Instruct
ctrlv3_0010,请回答：《变形记》的作者是什么？,0,known_controlled_v3,book,《变形记》,作者,16,11,Qwen/Qwen2.5-0.5B-Instruct
ctrlv3_0011,请回答：印度河的化学符号是什么？,1,unknown_controlled_v3,river,印度河,化学符号,16,10,Qwen/Qwen2.5-0.5B-Instruct
ctrlv3_0012,请回答：干城章嘉峰的主要设计者是什么？,1,unknown_controlled_v3,mountain,干城章嘉峰,主要设计者,19,13,Qwen/Qwen2.5-0.5B-Instruct
ctrlv3_0013,请回答：Python的主要设计者是什么？,0,known_controlled_v3,programming_language,Python,主要设计者,20,9,Qwen/Qwen2.5-0.5B-Instruct
ctrlv3_0014,请回答：世界自然基金会的化学式是什么？,1,unknown_controlled_v3,organization,世界自然基金会,化学式,19,11,Qwen/Qwen2.5-0.5B-Instruct
ctrlv3_0015,请回答：联合国教科文组织的总部所在地是什么？,0,known_controlled_v3,organization,联合国教科文组织,总部所在地,22,13,Qwen/Qwen2.5-0.5B-Instruct
ctrlv3_0016,请回答：速度的出生国家是什么？,1,unknown_controlled_v3,physical_quantity,速度,出生国家,15,9,Qwen/Qwen2.5-0.5B-Instruct
ctrlv3_0017,请回答：门捷列夫的出生国家是什么？,0,known_controlled_v3,person,门捷列夫,出生国家,17,12,Qwen/Qwen2.5-0.5B-Instruct
ctrlv3_0018,请回答：珠穆朗玛峰的所在山脉是什么？,0,known_controlled_v3,mountain,珠穆朗玛峰,所在山脉,18,13,Qwen/Qwen2.5-0.5B-Instruct
ctrlv3_0019,请回答：铅的化学符号是什么？,0,known_controlled_v3,element,铅,化学符号,14,9,Qwen/Qwen2.5-0.5B-Instruct
ctrlv3_0020,请回答：维苏威火山的主要设计者是什么？,1,unknown_controlled_v3,mountain,维苏威火山,主要设计者,19,12,Qwen/Qwen2.5-0.5B-Instruct
ctrlv3_0021,请回答：功率的出生国家是什么？,1,unknown_controlled_v3,physical_quantity,功率,出生国家,15,9,Qwen/Qwen2.5-0.5B-Instruct
ctrlv3_0022,请回答：银的主要流经大洲是什么？,1,unknown_controlled_v3,element,银,主要流经大洲,16,11,Qwen/Qwen2.5-0.5B-Instruct
ctrlv3_0023,请回答：Python的所在山脉是什么？,1,unknown_controlled_v3,programming_language,Python,所在山脉,19,9,Qwen/Qwen2.5-0.5B-Instruct
ctrlv3_0024,请回答：勒拿河的主要流经大洲是什么？,0,known_controlled_v3,river,勒拿河,主要流经大洲,18,13,Qwen/Qwen2.5-0.5B-Instruct
ctrlv3_0025,请回答：丘吉尔的国际单位是什么？,1,unknown_controlled_v3,person,丘吉尔,国际单位,16,11,Qwen/Qwen2.5-0.5B-Instruct
ctrlv3_0026,请回答：黄山的主要设计者是什么？,1,unknown_controlled_v3,mountain,黄山,主要设计者,16,9,Qwen/Qwen2.5-0.5B-Instruct
ctrlv3_0027,请回答：硅的主要流经大洲是什么？,1,unknown_controlled_v3,element,硅,主要流经大洲,16,11,Qwen/Qwen2.5-0.5B-Instruct
ctrlv3_0028,请回答：国际标准化组织的总部所在地是什么？,0,known_controlled_v3,organization,国际标准化组织,总部所在地,21,11,Qwen/Qwen2.5-0.5B-Instruct
ctrlv3_0029,请回答：肯尼亚的作者是什么？,1,unknown_controlled_v3,country,肯尼亚,作者,14,9,Qwen/Qwen2.5-0.5B-Instruct
ctrlv3_0030,请回答：钾的化学符号是什么？,0,known_controlled_v3,element,钾,化学符号,14,9,Qwen/Qwen2.5-0.5B-Instruct
ctrlv3_0031,请回答：尼罗河的化学符号是什么？,1,unknown_controlled_v3,river,尼罗河,化学符号,16,11,Qwen/Qwen2.5-0.5B-Instruct
ctrlv3_0032,请回答：钠的化学符号是什么？,0,known_controlled_v3,element,钠,化学符号,14,9,Qwen/Qwen2.5-0.5B-Instruct
ctrlv3_0033,请回答：多瑙河的化学符号是什么？,1,unknown_controlled_v3,river,多瑙河,化学符号,16,11,Qwen/Qwen2.5-0.5B-Instruct
ctrlv3_0034,请回答：墨西哥的首都是什么？,0,known_controlled_v3,country,墨西哥,首都,14,9,Qwen/Qwen2.5-0.5B-Instruct
ctrlv3_0035,请回答：莫扎特的国际单位是什么？,1,unknown_controlled_v3,person,莫扎特,国际单位,16,11,Qwen/Qwen2.5-0.5B-Instruct
ctrlv3_0036,请回答：汞的主要流经大洲是什么？,1,unknown_controlled_v3,element,汞,主要流经大洲,16,11,Qwen/Qwen2.5-0.5B-Instruct
ctrlv3_0037,请回答：C++的所在山脉是什么？,1,unknown_controlled_v3,programming_language,C++,所在山脉,16,10,Qwen/Qwen2.5-0.5B-Instruct
ctrlv3_0038,请回答：长度的国际单位是什么？,0,known_controlled_v3,physical_quantity,长度,国际单位,15,9,Qwen/Qwen2.5-0.5B-Instruct
ctrlv3_0039,请回答：越南的作者是什么？,1,unknown_controlled_v3,country,越南,作者,13,8,Qwen/Qwen2.5-0.5B-Instruct
ctrlv3_0040,请回答：盐酸的化学式是什么？,0,known_controlled_v3,chemical_compound,盐酸,化学式,14,10,Qwen/Qwen2.5-0.5B-Instruct
ctrlv3_0041,请回答：频率的出生国家是什么？,1,unknown_controlled_v3,physical_quantity,频率,出生国家,15,9,Qwen/Qwen2.5-0.5B-Instruct
ctrlv3_0042,请回答：《百年孤独》的作者是什么？,0,known_controlled_v3,book,《百年孤独》,作者,17,11,Qwen/Qwen2.5-0.5B-Instruct
ctrlv3_0043,请回答：能量的出生国家是什么？,1,unknown_controlled_v3,physical_quantity,能量,出生国家,15,9,Qwen/Qwen2.5-0.5B-Instruct
ctrlv3_0044,请回答：恒河的化学符号是什么？,1,unknown_controlled_v3,river,恒河,化学符号,15,10,Qwen/Qwen2.5-0.5B-Instruct
ctrlv3_0045,请回答：碳酸钠的总部所在地是什么？,1,unknown_controlled_v3,chemical_compound,碳酸钠,总部所在地,17,10,Qwen/Qwen2.5-0.5B-Instruct
ctrlv3_0046,请回答：乙醇的化学式是什么？,0,known_controlled_v3,chemical_compound,乙醇,化学式,14,10,Qwen/Qwen2.5-0.5B-Instruct
ctrlv3_0047,请回答：氦的主要流经大洲是什么？,1,unknown_controlled_v3,element,氦,主要流经大洲,16,11,Qwen/Qwen2.5-0.5B-Instruct
ctrlv3_0048,请回答：氯的主要流经大洲是什么？,1,unknown_controlled_v3,element,氯,主要流经大洲,16,11,Qwen/Qwen2.5-0.5B-Instruct
ctrlv3_0049,请回答：铝的主要流经大洲是什么？,1,unknown_controlled_v3,element,铝,主要流经大洲,16,11,Qwen/Qwen2.5-0.5B-Instruct
ctrlv3_0050,请回答：压强的国际单位是什么？,0,known_controlled_v3,physical_quantity,压强,国际单位,15,10,Qwen/Qwen2.5-0.5B-Instruct
ctrlv3_0051,请回答：尼罗河的主要流经大洲是什么？,0,known_controlled_v3,river,尼罗河,主要流经大洲,18,13,Qwen/Qwen2.5-0.5B-Instruct
ctrlv3_0052,请回答：弗洛伊德的国际单位是什么？,1,unknown_controlled_v3,person,弗洛伊德,国际单位,17,12,Qwen/Qwen2.5-0.5B-Instruct
ctrlv3_0053,请回答：额尔齐斯河的化学符号是什么？,1,unknown_controlled_v3,river,额尔齐斯河,化学符号,18,13,Qwen/Qwen2.5-0.5B-Instruct
ctrlv3_0054,请回答：世界银行的总部所在地是什么？,0,known_controlled_v3,organization,世界银行,总部所在地,18,10,Qwen/Qwen2.5-0.5B-Instruct
ctrlv3_0055,请回答：亚洲开发银行的总部所在地是什么？,0,known_controlled_v3,organization,亚洲开发银行,总部所在地,20,11,Qwen/Qwen2.5-0.5B-Instruct
ctrlv3_0056,请回答：康德的出生国家是什么？,0,known_controlled_v3,person,康德,出生国家,15,10,Qwen/Qwen2.5-0.5B-Instruct
ctrlv3_0057,请回答：罗讷河的化学符号是什么？,1,unknown_controlled_v3,river,罗讷河,化学符号,16,11,Qwen/Qwen2.5-0.5B-Instruct
ctrlv3_0058,请回答：《一九八四》的首都是什么？,1,unknown_controlled_v3,book,《一九八四》,首都,17,14,Qwen/Qwen2.5-0.5B-Instruct
ctrlv3_0059,请回答：达芬奇的国际单位是什么？,1,unknown_controlled_v3,person,达芬奇,国际单位,16,11,Qwen/Qwen2.5-0.5B-Instruct
ctrlv3_0060,请回答：钙的主要流经大洲是什么？,1,unknown_controlled_v3,element,钙,主要流经大洲,16,11,Qwen/Qwen2.5-0.5B-Instruct
ctrlv3_0061,请回答：马纳斯卢峰的所在山脉是什么？,0,known_controlled_v3,mountain,马纳斯卢峰,所在山脉,18,12,Qwen/Qwen2.5-0.5B-Instruct
ctrlv3_0062,请回答：《浮士德》的作者是什么？,0,known_controlled_v3,book,《浮士德》,作者,16,12,Qwen/Qwen2.5-0.5B-Instruct
ctrlv3_0063,请回答：哥白尼的出生国家是什么？,0,known_controlled_v3,person,哥白尼,出生国家,16,11,Qwen/Qwen2.5-0.5B-Instruct
ctrlv3_0064,请回答：Scala的主要设计者是什么？,0,known_controlled_v3,programming_language,Scala,主要设计者,19,9,Qwen/Qwen2.5-0.5B-Instruct
ctrlv3_0065,请回答：世界卫生组织的总部所在地是什么？,0,known_controlled_v3,organization,世界卫生组织,总部所在地,20,11,Qwen/Qwen2.5-0.5B-Instruct
ctrlv3_0066,请回答：《雷雨》的首都是什么？,1,unknown_controlled_v3,book,《雷雨》,首都,15,12,Qwen/Qwen2.5-0.5B-Instruct
ctrlv3_0067,请回答：居里夫人的出生国家是什么？,0,known_controlled_v3,person,居里夫人,出生国家,17,11,Qwen/Qwen2.5-0.5B-Instruct
ctrlv3_0068,请回答：《神曲》的作者是什么？,0,known_controlled_v3,book,《神曲》,作者,15,11,Qwen/Qwen2.5-0.5B-Instruct
ctrlv3_0069,请回答：Erlang的主要设计者是什么？,0,known_controlled_v3,programming_language,Erlang,主要设计者,20,11,Qwen/Qwen2.5-0.5B-Instruct
ctrlv3_0070,请回答：华山的主要设计者是什么？,1,unknown_controlled_v3,mountain,华山,主要设计者,16,10,Qwen/Qwen2.5-0.5B-Instruct
ctrlv3_0071,请回答：阿空加瓜山的所在山脉是什么？,0,known_controlled_v3,mountain,阿空加瓜山,所在山脉,18,13,Qwen/Qwen2.5-0.5B-Instruct
ctrlv3_0072,请回答：乞力马扎罗山的主要设计者是什么？,1,unknown_controlled_v3,mountain,乞力马扎罗山,主要设计者,20,14,Qwen/Qwen2.5-0.5B-Instruct
ctrlv3_0073,请回答：道拉吉里峰的所在山脉是什么？,0,known_controlled_v3,mountain,道拉吉里峰,所在山脉,18,13,Qwen/Qwen2.5-0.5B-Instruct
ctrlv3_0074,请回答：氟的主要流经大洲是什么？,1,unknown_controlled_v3,element,氟,主要流经大洲,16,11,Qwen/Qwen2.5-0.5B-Instruct
ctrlv3_0075,请回答：照度的国际单位是什么？,0,known_controlled_v3,physical_quantity,照度,国际单位,15,10,Qwen/Qwen2.5-0.5B-Instruct
ctrlv3_0076,请回答：电荷量的出生国家是什么？,1,unknown_controlled_v3,physical_quantity,电荷量,出生国家,16,11,Qwen/Qwen2.5-0.5B-Instruct
ctrlv3_0077,请回答：国际原子能机构的化学式是什么？,1,unknown_controlled_v3,organization,国际原子能机构,化学式,19,12,Qwen/Qwen2.5-0.5B-Instruct
ctrlv3_0078,请回答：莱茵河的主要流经大洲是什么？,0,known_controlled_v3,river,莱茵河,主要流经大洲,18,13,Qwen/Qwen2.5-0.5B-Instruct
ctrlv3_0079,请回答：红十字国际委员会的化学式是什么？,1,unknown_controlled_v3,organization,红十字国际委员会,化学式,20,12,Qwen/Qwen2.5-0.5B-Instruct
ctrlv3_0080,请回答：二氧化硅的总部所在地是什么？,1,unknown_controlled_v3,chemical_compound,二氧化硅,总部所在地,18,10,Qwen/Qwen2.5-0.5B-Instruct
ctrlv3_0081,请回答：印度的作者是什么？,1,unknown_controlled_v3,country,印度,作者,13,8,Qwen/Qwen2.5-0.5B-Instruct
ctrlv3_0082,请回答：《活着》的作者是什么？,0,known_controlled_v3,book,《活着》,作者,15,10,Qwen/Qwen2.5-0.5B-Instruct
ctrlv3_0083,请回答：马卡鲁峰的所在山脉是什么？,0,known_controlled_v3,mountain,马卡鲁峰,所在山脉,17,12,Qwen/Qwen2.5-0.5B-Instruct
ctrlv3_0084,请回答：南迦帕尔巴特峰的所在山脉是什么？,0,known_controlled_v3,mountain,南迦帕尔巴特峰,所在山脉,20,15,Qwen/Qwen2.5-0.5B-Instruct
ctrlv3_0085,请回答：《战争与和平》的作者是什么？,0,known_controlled_v3,book,《战争与和平》,作者,18,12,Qwen/Qwen2.5-0.5B-Instruct
ctrlv3_0086,请回答：埃及的首都是什么？,0,known_controlled_v3,country,埃及,首都,13,9,Qwen/Qwen2.5-0.5B-Instruct
ctrlv3_0087,请回答：勒拿河的化学符号是什么？,1,unknown_controlled_v3,river,勒拿河,化学符号,16,11,Qwen/Qwen2.5-0.5B-Instruct
ctrlv3_0088,请回答：Rust的主要设计者是什么？,0,known_controlled_v3,programming_language,Rust,主要设计者,18,10,Qwen/Qwen2.5-0.5B-Instruct
ctrlv3_0089,请回答：Rust的所在山脉是什么？,1,unknown_controlled_v3,programming_language,Rust,所在山脉,17,10,Qwen/Qwen2.5-0.5B-Instruct
ctrlv3_0090,请回答：塔里木河的主要流经大洲是什么？,0,known_controlled_v3,river,塔里木河,主要流经大洲,19,14,Qwen/Qwen2.5-0.5B-Instruct
ctrlv3_0091,请回答：氮的化学符号是什么？,0,known_controlled_v3,element,氮,化学符号,14,9,Qwen/Qwen2.5-0.5B-Instruct
ctrlv3_0092,请回答：力的国际单位是什么？,0,known_controlled_v3,physical_quantity,力,国际单位,14,9,Qwen/Qwen2.5-0.5B-Instruct
ctrlv3_0093,请回答：《西游记》的作者是什么？,0,known_controlled_v3,book,《西游记》,作者,16,12,Qwen/Qwen2.5-0.5B-Instruct
ctrlv3_0094,请回答：密度的出生国家是什么？,1,unknown_controlled_v3,physical_quantity,密度,出生国家,15,9,Qwen/Qwen2.5-0.5B-Instruct
ctrlv3_0095,请回答：磁感应强度的国际单位是什么？,0,known_controlled_v3,physical_quantity,磁感应强度,国际单位,18,11,Qwen/Qwen2.5-0.5B-Instruct
ctrlv3_0096,请回答：国际法院的总部所在地是什么？,0,known_controlled_v3,organization,国际法院,总部所在地,18,10,Qwen/Qwen2.5-0.5B-Instruct
ctrlv3_0097,请回答：Visual Basic的所在山脉是什么？,1,unknown_controlled_v3,programming_language,Visual Basic,所在山脉,25,10,Qwen/Qwen2.5-0.5B-Instruct
ctrlv3_0098,请回答：氢氧化钙的总部所在地是什么？,1,unknown_controlled_v3,chemical_compound,氢氧化钙,总部所在地,18,11,Qwen/Qwen2.5-0.5B-Instruct
ctrlv3_0099,请回答：Go的主要设计者是什么？,0,known_controlled_v3,programming_language,Go,主要设计者,16,9,Qwen/Qwen2.5-0.5B-Instruct
ctrlv3_0100,请回答：Prolog的所在山脉是什么？,1,unknown_controlled_v3,programming_language,Prolog,所在山脉,19,10,Qwen/Qwen2.5-0.5B-Instruct
ctrlv3_0101,请回答：光强的国际单位是什么？,0,known_controlled_v3,physical_quantity,光强,国际单位,15,10,Qwen/Qwen2.5-0.5B-Instruct
ctrlv3_0102,请回答：《浮士德》的首都是什么？,1,unknown_controlled_v3,book,《浮士德》,首都,16,13,Qwen/Qwen2.5-0.5B-Instruct
ctrlv3_0103,请回答：泰戈尔的国际单位是什么？,1,unknown_controlled_v3,person,泰戈尔,国际单位,16,11,Qwen/Qwen2.5-0.5B-Instruct
ctrlv3_0104,请回答：华盛顿的出生国家是什么？,0,known_controlled_v3,person,华盛顿,出生国家,16,9,Qwen/Qwen2.5-0.5B-Instruct
ctrlv3_0105,请回答：碳酸钙的化学式是什么？,0,known_controlled_v3,chemical_compound,碳酸钙,化学式,15,10,Qwen/Qwen2.5-0.5B-Instruct
ctrlv3_0106,请回答：氯化钾的总部所在地是什么？,1,unknown_controlled_v3,chemical_compound,氯化钾,总部所在地,17,11,Qwen/Qwen2.5-0.5B-Instruct
ctrlv3_0107,请回答：《茶馆》的作者是什么？,0,known_controlled_v3,book,《茶馆》,作者,15,11,Qwen/Qwen2.5-0.5B-Instruct
ctrlv3_0108,请回答：硫化氢的化学式是什么？,0,known_controlled_v3,chemical_compound,硫化氢,化学式,15,11,Qwen/Qwen2.5-0.5B-Instruct
ctrlv3_0109,请回答：勃朗峰的所在山脉是什么？,0,known_controlled_v3,mountain,勃朗峰,所在山脉,16,11,Qwen/Qwen2.5-0.5B-Instruct
ctrlv3_0110,请回答：磷的化学符号是什么？,0,known_controlled_v3,element,磷,化学符号,14,9,Qwen/Qwen2.5-0.5B-Instruct
ctrlv3_0111,请回答：五台山的所在山脉是什么？,0,known_controlled_v3,mountain,五台山,所在山脉,16,11,Qwen/Qwen2.5-0.5B-Instruct
ctrlv3_0112,请回答：红十字国际委员会的总部所在地是什么？,0,known_controlled_v3,organization,红十字国际委员会,总部所在地,22,12,Qwen/Qwen2.5-0.5B-Instruct
ctrlv3_0113,请回答：物质的量的出生国家是什么？,1,unknown_controlled_v3,physical_quantity,物质的量,出生国家,17,11,Qwen/Qwen2.5-0.5B-Instruct
ctrlv3_0114,请回答：硝酸的化学式是什么？,0,known_controlled_v3,chemical_compound,硝酸,化学式,14,10,Qwen/Qwen2.5-0.5B-Instruct
ctrlv3_0115,请回答：《雷雨》的作者是什么？,0,known_controlled_v3,book,《雷雨》,作者,15,11,Qwen/Qwen2.5-0.5B-Instruct
ctrlv3_0116,请回答：韩国的首都是什么？,0,known_controlled_v3,country,韩国,首都,13,9,Qwen/Qwen2.5-0.5B-Instruct
ctrlv3_0117,请回答：欧盟委员会的总部所在地是什么？,0,known_controlled_v3,organization,欧盟委员会,总部所在地,19,10,Qwen/Qwen2.5-0.5B-Instruct
ctrlv3_0118,请回答：银的化学符号是什么？,0,known_controlled_v3,element,银,化学符号,14,9,Qwen/Qwen2.5-0.5B-Instruct
ctrlv3_0119,请回答：印度的首都是什么？,0,known_controlled_v3,country,印度,首都,13,9,Qwen/Qwen2.5-0.5B-Instruct
ctrlv3_0120,请回答：弗洛伊德的出生国家是什么？,0,known_controlled_v3,person,弗洛伊德,出生国家,17,12,Qwen/Qwen2.5-0.5B-Instruct
ctrlv3_0121,请回答：伏尔加河的主要流经大洲是什么？,0,known_controlled_v3,river,伏尔加河,主要流经大洲,19,14,Qwen/Qwen2.5-0.5B-Instruct
ctrlv3_0122,请回答：芬兰的首都是什么？,0,known_controlled_v3,country,芬兰,首都,13,9,Qwen/Qwen2.5-0.5B-Instruct
ctrlv3_0123,请回答：氧气的化学式是什么？,0,known_controlled_v3,chemical_compound,氧气,化学式,14,9,Qwen/Qwen2.5-0.5B-Instruct
ctrlv3_0124,请回答：《活着》的首都是什么？,1,unknown_controlled_v3,book,《活着》,首都,15,11,Qwen/Qwen2.5-0.5B-Instruct
ctrlv3_0125,请回答：赞比西河的主要流经大洲是什么？,0,known_controlled_v3,river,赞比西河,主要流经大洲,19,14,Qwen/Qwen2.5-0.5B-Instruct
ctrlv3_0126,请回答：《老人与海》的作者是什么？,0,known_controlled_v3,book,《老人与海》,作者,17,12,Qwen/Qwen2.5-0.5B-Instruct
ctrlv3_0127,请回答：底格里斯河的化学符号是什么？,1,unknown_controlled_v3,river,底格里斯河,化学符号,18,12,Qwen/Qwen2.5-0.5B-Instruct
ctrlv3_0128,请回答：二氧化硅的化学式是什么？,0,known_controlled_v3,chemical_compound,二氧化硅,化学式,16,10,Qwen/Qwen2.5-0.5B-Instruct
ctrlv3_0129,请回答：甲烷的总部所在地是什么？,1,unknown_controlled_v3,chemical_compound,甲烷,总部所在地,16,10,Qwen/Qwen2.5-0.5B-Instruct
ctrlv3_0130,请回答：乞力马扎罗山的所在山脉是什么？,0,known_controlled_v3,mountain,乞力马扎罗山,所在山脉,19,14,Qwen/Qwen2.5-0.5B-Instruct
ctrlv3_0131,请回答：照度的出生国家是什么？,1,unknown_controlled_v3,physical_quantity,照度,出生国家,15,10,Qwen/Qwen2.5-0.5B-Instruct
ctrlv3_0132,请回答：质量的出生国家是什么？,1,unknown_controlled_v3,physical_quantity,质量,出生国家,15,9,Qwen/Qwen2.5-0.5B-Instruct
ctrlv3_0133,请回答：哥白尼的国际单位是什么？,1,unknown_controlled_v3,person,哥白尼,国际单位,16,11,Qwen/Qwen2.5-0.5B-Instruct
ctrlv3_0134,请回答：热量的国际单位是什么？,0,known_controlled_v3,physical_quantity,热量,国际单位,15,9,Qwen/Qwen2.5-0.5B-Instruct
ctrlv3_0135,请回答：时间的国际单位是什么？,0,known_controlled_v3,physical_quantity,时间,国际单位,15,9,Qwen/Qwen2.5-0.5B-Instruct
ctrlv3_0136,请回答：电压的国际单位是什么？,0,known_controlled_v3,physical_quantity,电压,国际单位,15,9,Qwen/Qwen2.5-0.5B-Instruct
ctrlv3_0137,请回答：安纳布尔纳峰的主要设计者是什么？,1,unknown_controlled_v3,mountain,安纳布尔纳峰,主要设计者,20,13,Qwen/Qwen2.5-0.5B-Instruct
ctrlv3_0138,请回答：Kotlin的主要设计者是什么？,0,known_controlled_v3,programming_language,Kotlin,主要设计者,20,10,Qwen/Qwen2.5-0.5B-Instruct
ctrlv3_0139,请回答：珠江的主要流经大洲是什么？,0,known_controlled_v3,river,珠江,主要流经大洲,17,11,Qwen/Qwen2.5-0.5B-Instruct
ctrlv3_0140,请回答：磁通量的出生国家是什么？,1,unknown_controlled_v3,physical_quantity,磁通量,出生国家,16,11,Qwen/Qwen2.5-0.5B-Instruct
ctrlv3_0141,请回答：英国的作者是什么？,1,unknown_controlled_v3,country,英国,作者,13,8,Qwen/Qwen2.5-0.5B-Instruct
ctrlv3_0142,请回答：Ruby的主要设计者是什么？,0,known_controlled_v3,programming_language,Ruby,主要设计者,18,9,Qwen/Qwen2.5-0.5B-Instruct
ctrlv3_0143,请回答：钾的主要流经大洲是什么？,1,unknown_controlled_v3,element,钾,主要流经大洲,16,11,Qwen/Qwen2.5-0.5B-Instruct
ctrlv3_0144,请回答：氯化银的总部所在地是什么？,1,unknown_controlled_v3,chemical_compound,氯化银,总部所在地,17,11,Qwen/Qwen2.5-0.5B-Instruct
ctrlv3_0145,请回答：铬的主要流经大洲是什么？,1,unknown_controlled_v3,element,铬,主要流经大洲,16,11,Qwen/Qwen2.5-0.5B-Instruct
ctrlv3_0146,请回答：峨眉山的所在山脉是什么？,0,known_controlled_v3,mountain,峨眉山,所在山脉,16,11,Qwen/Qwen2.5-0.5B-Instruct
ctrlv3_0147,请回答：国际能源署的化学式是什么？,1,unknown_controlled_v3,organization,国际能源署,化学式,17,11,Qwen/Qwen2.5-0.5B-Instruct
ctrlv3_0148,请回答：《骆驼祥子》的作者是什么？,0,known_controlled_v3,book,《骆驼祥子》,作者,17,13,Qwen/Qwen2.5-0.5B-Instruct
ctrlv3_0149,请回答：氯气的化学式是什么？,0,known_controlled_v3,chemical_compound,氯气,化学式,14,10,Qwen/Qwen2.5-0.5B-Instruct
ctrlv3_0150,请回答：国际劳工组织的化学式是什么？,1,unknown_controlled_v3,organization,国际劳工组织,化学式,18,12,Qwen/Qwen2.5-0.5B-Instruct
ctrlv3_0151,请回答：欧盟委员会的化学式是什么？,1,unknown_controlled_v3,organization,欧盟委员会,化学式,17,10,Qwen/Qwen2.5-0.5B-Instruct
ctrlv3_0152,请回答：臭氧的总部所在地是什么？,1,unknown_controlled_v3,chemical_compound,臭氧,总部所在地,16,10,Qwen/Qwen2.5-0.5B-Instruct
ctrlv3_0153,请回答：玉山的主要设计者是什么？,1,unknown_controlled_v3,mountain,玉山,主要设计者,16,10,Qwen/Qwen2.5-0.5B-Instruct
ctrlv3_0154,请回答：《子夜》的首都是什么？,1,unknown_controlled_v3,book,《子夜》,首都,15,12,Qwen/Qwen2.5-0.5B-Instruct
ctrlv3_0155,请回答：波兰的作者是什么？,1,unknown_controlled_v3,country,波兰,作者,13,8,Qwen/Qwen2.5-0.5B-Instruct
ctrlv3_0156,请回答：联合国教科文组织的化学式是什么？,1,unknown_controlled_v3,organization,联合国教科文组织,化学式,20,13,Qwen/Qwen2.5-0.5B-Instruct
ctrlv3_0157,请回答：《红楼梦》的作者是什么？,0,known_controlled_v3,book,《红楼梦》,作者,16,10,Qwen/Qwen2.5-0.5B-Instruct
ctrlv3_0158,请回答：安徒生的国际单位是什么？,1,unknown_controlled_v3,person,安徒生,国际单位,16,11,Qwen/Qwen2.5-0.5B-Instruct
ctrlv3_0159,请回答：乙酸的化学式是什么？,0,known_controlled_v3,chemical_compound,乙酸,化学式,14,10,Qwen/Qwen2.5-0.5B-Instruct
ctrlv3_0160,请回答：幼发拉底河的主要流经大洲是什么？,0,known_controlled_v3,river,幼发拉底河,主要流经大洲,20,15,Qwen/Qwen2.5-0.5B-Instruct
ctrlv3_0161,请回答：国际货币基金组织的总部所在地是什么？,0,known_controlled_v3,organization,国际货币基金组织,总部所在地,22,12,Qwen/Qwen2.5-0.5B-Instruct
ctrlv3_0162,请回答：《悲惨世界》的作者是什么？,0,known_controlled_v3,book,《悲惨世界》,作者,17,12,Qwen/Qwen2.5-0.5B-Instruct
ctrlv3_0163,请回答：非洲联盟的化学式是什么？,1,unknown_controlled_v3,organization,非洲联盟,化学式,16,10,Qwen/Qwen2.5-0.5B-Instruct
ctrlv3_0164,请回答：《三国演义》的首都是什么？,1,unknown_controlled_v3,book,《三国演义》,首都,17,13,Qwen/Qwen2.5-0.5B-Instruct
ctrlv3_0165,请回答：亚里士多德的国际单位是什么？,1,unknown_controlled_v3,person,亚里士多德,国际单位,18,13,Qwen/Qwen2.5-0.5B-Instruct
ctrlv3_0166,请回答：温度的出生国家是什么？,1,unknown_controlled_v3,physical_quantity,温度,出生国家,15,9,Qwen/Qwen2.5-0.5B-Instruct
ctrlv3_0167,请回答：JavaScript的主要设计者是什么？,0,known_controlled_v3,programming_language,JavaScript,主要设计者,24,9,Qwen/Qwen2.5-0.5B-Instruct
ctrlv3_0168,请回答：金的化学符号是什么？,0,known_controlled_v3,element,金,化学符号,14,9,Qwen/Qwen2.5-0.5B-Instruct
ctrlv3_0169,请回答：速度的国际单位是什么？,0,known_controlled_v3,physical_quantity,速度,国际单位,15,9,Qwen/Qwen2.5-0.5B-Instruct
ctrlv3_0170,请回答：特斯拉的出生国家是什么？,0,known_controlled_v3,person,特斯拉,出生国家,16,9,Qwen/Qwen2.5-0.5B-Instruct
ctrlv3_0171,请回答：Scala的所在山脉是什么？,1,unknown_controlled_v3,programming_language,Scala,所在山脉,18,9,Qwen/Qwen2.5-0.5B-Instruct
ctrlv3_0172,请回答：《呼啸山庄》的作者是什么？,0,known_controlled_v3,book,《呼啸山庄》,作者,17,12,Qwen/Qwen2.5-0.5B-Instruct
ctrlv3_0173,请回答：拉普拉塔河的化学符号是什么？,1,unknown_controlled_v3,river,拉普拉塔河,化学符号,18,13,Qwen/Qwen2.5-0.5B-Instruct
ctrlv3_0174,请回答：世界卫生组织的化学式是什么？,1,unknown_controlled_v3,organization,世界卫生组织,化学式,18,11,Qwen/Qwen2.5-0.5B-Instruct
ctrlv3_0175,请回答：氧气的总部所在地是什么？,1,unknown_controlled_v3,chemical_compound,氧气,总部所在地,16,9,Qwen/Qwen2.5-0.5B-Instruct
ctrlv3_0176,请回答：爱因斯坦的国际单位是什么？,1,unknown_controlled_v3,person,爱因斯坦,国际单位,17,11,Qwen/Qwen2.5-0.5B-Instruct
ctrlv3_0177,请回答：电压的出生国家是什么？,1,unknown_controlled_v3,physical_quantity,电压,出生国家,15,9,Qwen/Qwen2.5-0.5B-Instruct
ctrlv3_0178,请回答：莱茵河的化学符号是什么？,1,unknown_controlled_v3,river,莱茵河,化学符号,16,11,Qwen/Qwen2.5-0.5B-Instruct
ctrlv3_0179,请回答：Pascal的主要设计者是什么？,0,known_controlled_v3,programming_language,Pascal,主要设计者,20,10,Qwen/Qwen2.5-0.5B-Instruct
ctrlv3_0180,请回答：氯化银的化学式是什么？,0,known_controlled_v3,chemical_compound,氯化银,化学式,15,11,Qwen/Qwen2.5-0.5B-Instruct
ctrlv3_0181,请回答：泰国的作者是什么？,1,unknown_controlled_v3,country,泰国,作者,13,8,Qwen/Qwen2.5-0.5B-Instruct
ctrlv3_0182,请回答：西班牙的首都是什么？,0,known_controlled_v3,country,西班牙,首都,14,9,Qwen/Qwen2.5-0.5B-Instruct
ctrlv3_0183,请回答：国际电信联盟的化学式是什么？,1,unknown_controlled_v3,organization,国际电信联盟,化学式,18,11,Qwen/Qwen2.5-0.5B-Instruct
ctrlv3_0184,请回答：氢氧化钠的总部所在地是什么？,1,unknown_controlled_v3,chemical_compound,氢氧化钠,总部所在地,18,11,Qwen/Qwen2.5-0.5B-Instruct
ctrlv3_0185,请回答：硫的主要流经大洲是什么？,1,unknown_controlled_v3,element,硫,主要流经大洲,16,11,Qwen/Qwen2.5-0.5B-Instruct
ctrlv3_0186,请回答：黄山的所在山脉是什么？,0,known_controlled_v3,mountain,黄山,所在山脉,15,9,Qwen/Qwen2.5-0.5B-Instruct
ctrlv3_0187,请回答：世界气象组织的化学式是什么？,1,unknown_controlled_v3,organization,世界气象组织,化学式,18,11,Qwen/Qwen2.5-0.5B-Instruct
ctrlv3_0188,请回答：《小王子》的首都是什么？,1,unknown_controlled_v3,book,《小王子》,首都,16,12,Qwen/Qwen2.5-0.5B-Instruct
ctrlv3_0189,请回答：Swift的所在山脉是什么？,1,unknown_controlled_v3,programming_language,Swift,所在山脉,18,9,Qwen/Qwen2.5-0.5B-Instruct
ctrlv3_0190,请回答：笛卡尔的国际单位是什么？,1,unknown_controlled_v3,person,笛卡尔,国际单位,16,10,Qwen/Qwen2.5-0.5B-Instruct
ctrlv3_0191,请回答：庐山的所在山脉是什么？,0,known_controlled_v3,mountain,庐山,所在山脉,15,10,Qwen/Qwen2.5-0.5B-Instruct
ctrlv3_0192,请回答：安徒生的出生国家是什么？,0,known_controlled_v3,person,安徒生,出生国家,16,11,Qwen/Qwen2.5-0.5B-Instruct
ctrlv3_0193,请回答：氮的主要流经大洲是什么？,1,unknown_controlled_v3,element,氮,主要流经大洲,16,11,Qwen/Qwen2.5-0.5B-Instruct
ctrlv3_0194,请回答：电阻的出生国家是什么？,1,unknown_controlled_v3,physical_quantity,电阻,出生国家,15,9,Qwen/Qwen2.5-0.5B-Instruct
ctrlv3_0195,请回答：澳大利亚的作者是什么？,1,unknown_controlled_v3,country,澳大利亚,作者,15,8,Qwen/Qwen2.5-0.5B-Instruct
ctrlv3_0196,请回答：PHP的所在山脉是什么？,1,unknown_controlled_v3,programming_language,PHP,所在山脉,16,9,Qwen/Qwen2.5-0.5B-Instruct
ctrlv3_0197,请回答：肖邦的出生国家是什么？,0,known_controlled_v3,person,肖邦,出生国家,15,10,Qwen/Qwen2.5-0.5B-Instruct
ctrlv3_0198,请回答：硫的化学符号是什么？,0,known_controlled_v3,element,硫,化学符号,14,9,Qwen/Qwen2.5-0.5B-Instruct
ctrlv3_0199,请回答：韩国的作者是什么？,1,unknown_controlled_v3,country,韩国,作者,13,8,Qwen/Qwen2.5-0.5B-Instruct
ctrlv3_0200,请回答：墨西哥的作者是什么？,1,unknown_controlled_v3,country,墨西哥,作者,14,8,Qwen/Qwen2.5-0.5B-Instruct
ctrlv3_0201,请回答：Objective-C的主要设计者是什么？,0,known_controlled_v3,programming_language,Objective-C,主要设计者,25,10,Qwen/Qwen2.5-0.5B-Instruct
ctrlv3_0202,请回答：一氧化碳的总部所在地是什么？,1,unknown_controlled_v3,chemical_compound,一氧化碳,总部所在地,18,11,Qwen/Qwen2.5-0.5B-Instruct
ctrlv3_0203,请回答：面积的国际单位是什么？,0,known_controlled_v3,physical_quantity,面积,国际单位,15,9,Qwen/Qwen2.5-0.5B-Instruct
ctrlv3_0204,请回答：Kotlin的所在山脉是什么？,1,unknown_controlled_v3,programming_language,Kotlin,所在山脉,19,10,Qwen/Qwen2.5-0.5B-Instruct
ctrlv3_0205,请回答：二氧化硫的化学式是什么？,0,known_controlled_v3,chemical_compound,二氧化硫,化学式,16,10,Qwen/Qwen2.5-0.5B-Instruct
ctrlv3_0206,请回答：Prolog的主要设计者是什么？,0,known_controlled_v3,programming_language,Prolog,主要设计者,20,10,Qwen/Qwen2.5-0.5B-Instruct
ctrlv3_0207,请回答：美国的首都是什么？,0,known_controlled_v3,country,美国,首都,13,9,Qwen/Qwen2.5-0.5B-Instruct
ctrlv3_0208,请回答：《老人与海》的首都是什么？,1,unknown_controlled_v3,book,《老人与海》,首都,17,13,Qwen/Qwen2.5-0.5B-Instruct
ctrlv3_0209,请回答：世界银行的化学式是什么？,1,unknown_controlled_v3,organization,世界银行,化学式,16,10,Qwen/Qwen2.5-0.5B-Instruct
ctrlv3_0210,请回答：美国的作者是什么？,1,unknown_controlled_v3,country,美国,作者,13,8,Qwen/Qwen2.5-0.5B-Instruct
ctrlv3_0211,请回答：臭氧的化学式是什么？,0,known_controlled_v3,chemical_compound,臭氧,化学式,14,10,Qwen/Qwen2.5-0.5B-Instruct
ctrlv3_0212,请回答：长江的化学符号是什么？,1,unknown_controlled_v3,river,长江,化学符号,15,9,Qwen/Qwen2.5-0.5B-Instruct
ctrlv3_0213,请回答：《骆驼祥子》的首都是什么？,1,unknown_controlled_v3,book,《骆驼祥子》,首都,17,14,Qwen/Qwen2.5-0.5B-Instruct
ctrlv3_0214,请回答：挪威的作者是什么？,1,unknown_controlled_v3,country,挪威,作者,13,8,Qwen/Qwen2.5-0.5B-Instruct
ctrlv3_0215,请回答：Visual Basic的主要设计者是什么？,0,known_controlled_v3,programming_language,Visual Basic,主要设计者,26,10,Qwen/Qwen2.5-0.5B-Instruct
ctrlv3_0216,请回答：国际奥委会的总部所在地是什么？,0,known_controlled_v3,organization,国际奥委会,总部所在地,19,11,Qwen/Qwen2.5-0.5B-Instruct
ctrlv3_0217,请回答：磷的主要流经大洲是什么？,1,unknown_controlled_v3,element,磷,主要流经大洲,16,11,Qwen/Qwen2.5-0.5B-Instruct
ctrlv3_0218,请回答：奥里诺科河的主要流经大洲是什么？,0,known_controlled_v3,river,奥里诺科河,主要流经大洲,20,15,Qwen/Qwen2.5-0.5B-Instruct
ctrlv3_0219,请回答：黄河的化学符号是什么？,1,unknown_controlled_v3,river,黄河,化学符号,15,9,Qwen/Qwen2.5-0.5B-Instruct
ctrlv3_0220,请回答：易北河的化学符号是什么？,1,unknown_controlled_v3,river,易北河,化学符号,16,11,Qwen/Qwen2.5-0.5B-Instruct
ctrlv3_0221,请回答：意大利的首都是什么？,0,known_controlled_v3,country,意大利,首都,14,9,Qwen/Qwen2.5-0.5B-Instruct
ctrlv3_0222,请回答：莎士比亚的出生国家是什么？,0,known_controlled_v3,person,莎士比亚,出生国家,17,11,Qwen/Qwen2.5-0.5B-Instruct
ctrlv3_0223,请回答：《呐喊》的作者是什么？,0,known_controlled_v3,book,《呐喊》,作者,15,11,Qwen/Qwen2.5-0.5B-Instruct
ctrlv3_0224,请回答：硝酸的总部所在地是什么？,1,unknown_controlled_v3,chemical_compound,硝酸,总部所在地,16,10,Qwen/Qwen2.5-0.5B-Instruct
ctrlv3_0225,请回答：国际海事组织的化学式是什么？,1,unknown_controlled_v3,organization,国际海事组织,化学式,18,12,Qwen/Qwen2.5-0.5B-Instruct
ctrlv3_0226,请回答：氢氧化钙的化学式是什么？,0,known_controlled_v3,chemical_compound,氢氧化钙,化学式,16,11,Qwen/Qwen2.5-0.5B-Instruct
ctrlv3_0227,请回答：日本的首都是什么？,0,known_controlled_v3,country,日本,首都,13,9,Qwen/Qwen2.5-0.5B-Instruct
ctrlv3_0228,请回答：达尔文的出生国家是什么？,0,known_controlled_v3,person,达尔文,出生国家,16,10,Qwen/Qwen2.5-0.5B-Instruct
ctrlv3_0229,请回答：Lisp的主要设计者是什么？,0,known_controlled_v3,programming_language,Lisp,主要设计者,18,10,Qwen/Qwen2.5-0.5B-Instruct
ctrlv3_0230,请回答：R语言的所在山脉是什么？,1,unknown_controlled_v3,programming_language,R语言,所在山脉,16,10,Qwen/Qwen2.5-0.5B-Instruct
ctrlv3_0231,请回答：过氧化氢的化学式是什么？,0,known_controlled_v3,chemical_compound,过氧化氢,化学式,16,11,Qwen/Qwen2.5-0.5B-Instruct
ctrlv3_0232,请回答：《呐喊》的首都是什么？,1,unknown_controlled_v3,book,《呐喊》,首都,15,12,Qwen/Qwen2.5-0.5B-Instruct
ctrlv3_0233,请回答：联合国的总部所在地是什么？,0,known_controlled_v3,organization,联合国,总部所在地,17,9,Qwen/Qwen2.5-0.5B-Instruct
ctrlv3_0234,请回答：盐酸的总部所在地是什么？,1,unknown_controlled_v3,chemical_compound,盐酸,总部所在地,16,10,Qwen/Qwen2.5-0.5B-Instruct
ctrlv3_0235,请回答：联合国儿童基金会的化学式是什么？,1,unknown_controlled_v3,organization,联合国儿童基金会,化学式,20,11,Qwen/Qwen2.5-0.5B-Instruct
ctrlv3_0236,请回答：林肯的国际单位是什么？,1,unknown_controlled_v3,person,林肯,国际单位,15,10,Qwen/Qwen2.5-0.5B-Instruct
ctrlv3_0237,请回答：丘吉尔的出生国家是什么？,0,known_controlled_v3,person,丘吉尔,出生国家,16,11,Qwen/Qwen2.5-0.5B-Instruct
ctrlv3_0238,请回答：《围城》的作者是什么？,0,known_controlled_v3,book,《围城》,作者,15,11,Qwen/Qwen2.5-0.5B-Instruct
ctrlv3_0239,请回答：德纳里峰的所在山脉是什么？,0,known_controlled_v3,mountain,德纳里峰,所在山脉,17,12,Qwen/Qwen2.5-0.5B-Instruct
ctrlv3_0240,请回答：《三国演义》的作者是什么？,0,known_controlled_v3,book,《三国演义》,作者,17,12,Qwen/Qwen2.5-0.5B-Instruct
ctrlv3_0241,请回答：托尔斯泰的国际单位是什么？,1,unknown_controlled_v3,person,托尔斯泰,国际单位,17,11,Qwen/Qwen2.5-0.5B-Instruct
ctrlv3_0242,请回答：希腊的作者是什么？,1,unknown_controlled_v3,country,希腊,作者,13,8,Qwen/Qwen2.5-0.5B-Instruct
ctrlv3_0243,请回答：华山的所在山脉是什么？,0,known_controlled_v3,mountain,华山,所在山脉,15,10,Qwen/Qwen2.5-0.5B-Instruct
ctrlv3_0244,请回答：阿尔卑斯山主峰的主要设计者是什么？,1,unknown_controlled_v3,mountain,阿尔卑斯山主峰,主要设计者,21,14,Qwen/Qwen2.5-0.5B-Instruct
ctrlv3_0245,请回答：洛子峰的所在山脉是什么？,0,known_controlled_v3,mountain,洛子峰,所在山脉,16,11,Qwen/Qwen2.5-0.5B-Instruct
ctrlv3_0246,请回答：俄罗斯的作者是什么？,1,unknown_controlled_v3,country,俄罗斯,作者,14,8,Qwen/Qwen2.5-0.5B-Instruct
ctrlv3_0247,请回答：刚果河的化学符号是什么？,1,unknown_controlled_v3,river,刚果河,化学符号,16,11,Qwen/Qwen2.5-0.5B-Instruct
ctrlv3_0248,请回答：氨气的总部所在地是什么？,1,unknown_controlled_v3,chemical_compound,氨气,总部所在地,16,10,Qwen/Qwen2.5-0.5B-Instruct
ctrlv3_0249,请回答：时间的出生国家是什么？,1,unknown_controlled_v3,physical_quantity,时间,出生国家,15,9,Qwen/Qwen2.5-0.5B-Instruct
ctrlv3_0250,请回答：硫酸的总部所在地是什么？,1,unknown_controlled_v3,chemical_compound,硫酸,总部所在地,16,9,Qwen/Qwen2.5-0.5B-Instruct
ctrlv3_0251,请回答：泰国的首都是什么？,0,known_controlled_v3,country,泰国,首都,13,9,Qwen/Qwen2.5-0.5B-Instruct
ctrlv3_0252,请回答：MATLAB的主要设计者是什么？,0,known_controlled_v3,programming_language,MATLAB,主要设计者,20,10,Qwen/Qwen2.5-0.5B-Instruct
ctrlv3_0253,请回答：碳酸钠的化学式是什么？,0,known_controlled_v3,chemical_compound,碳酸钠,化学式,15,10,Qwen/Qwen2.5-0.5B-Instruct
ctrlv3_0254,请回答：乔戈里峰的所在山脉是什么？,0,known_controlled_v3,mountain,乔戈里峰,所在山脉,17,12,Qwen/Qwen2.5-0.5B-Instruct
ctrlv3_0255,请回答：加速度的出生国家是什么？,1,unknown_controlled_v3,physical_quantity,加速度,出生国家,16,10,Qwen/Qwen2.5-0.5B-Instruct
ctrlv3_0256,请回答：加拿大的首都是什么？,0,known_controlled_v3,country,加拿大,首都,14,9,Qwen/Qwen2.5-0.5B-Instruct
ctrlv3_0257,请回答：智利的作者是什么？,1,unknown_controlled_v3,country,智利,作者,13,9,Qwen/Qwen2.5-0.5B-Instruct
ctrlv3_0258,请回答：底格里斯河的主要流经大洲是什么？,0,known_controlled_v3,river,底格里斯河,主要流经大洲,20,14,Qwen/Qwen2.5-0.5B-Instruct
ctrlv3_0259,请回答：Dart的所在山脉是什么？,1,unknown_controlled_v3,programming_language,Dart,所在山脉,17,10,Qwen/Qwen2.5-0.5B-Instruct
ctrlv3_0260,请回答：氮气的总部所在地是什么？,1,unknown_controlled_v3,chemical_compound,氮气,总部所在地,16,10,Qwen/Qwen2.5-0.5B-Instruct
ctrlv3_0261,请回答：锰的主要流经大洲是什么？,1,unknown_controlled_v3,element,锰,主要流经大洲,16,11,Qwen/Qwen2.5-0.5B-Instruct
ctrlv3_0262,请回答：国际刑警组织的总部所在地是什么？,0,known_controlled_v3,organization,国际刑警组织,总部所在地,20,11,Qwen/Qwen2.5-0.5B-Instruct
ctrlv3_0263,请回答：氧的化学符号是什么？,0,known_controlled_v3,element,氧,化学符号,14,9,Qwen/Qwen2.5-0.5B-Instruct
ctrlv3_0264,请回答：能量的国际单位是什么？,0,known_controlled_v3,physical_quantity,能量,国际单位,15,9,Qwen/Qwen2.5-0.5B-Instruct
ctrlv3_0265,请回答：黑龙江的化学符号是什么？,1,unknown_controlled_v3,river,黑龙江,化学符号,16,9,Qwen/Qwen2.5-0.5B-Instruct
ctrlv3_0266,请回答：德纳里峰的主要设计者是什么？,1,unknown_controlled_v3,mountain,德纳里峰,主要设计者,18,12,Qwen/Qwen2.5-0.5B-Instruct
ctrlv3_0267,请回答：乙醇的总部所在地是什么？,1,unknown_controlled_v3,chemical_compound,乙醇,总部所在地,16,10,Qwen/Qwen2.5-0.5B-Instruct
ctrlv3_0268,请回答：碳酸氢钠的总部所在地是什么？,1,unknown_controlled_v3,chemical_compound,碳酸氢钠,总部所在地,18,11,Qwen/Qwen2.5-0.5B-Instruct
ctrlv3_0269,请回答：幼发拉底河的化学符号是什么？,1,unknown_controlled_v3,river,幼发拉底河,化学符号,18,13,Qwen/Qwen2.5-0.5B-Instruct
ctrlv3_0270,请回答：Smalltalk的所在山脉是什么？,1,unknown_controlled_v3,programming_language,Smalltalk,所在山脉,22,10,Qwen/Qwen2.5-0.5B-Instruct
ctrlv3_0271,请回答：墨累河的主要流经大洲是什么？,0,known_controlled_v3,river,墨累河,主要流经大洲,18,13,Qwen/Qwen2.5-0.5B-Instruct
ctrlv3_0272,请回答：越南的首都是什么？,0,known_controlled_v3,country,越南,首都,13,9,Qwen/Qwen2.5-0.5B-Instruct
ctrlv3_0273,请回答：动量的国际单位是什么？,0,known_controlled_v3,physical_quantity,动量,国际单位,15,10,Qwen/Qwen2.5-0.5B-Instruct
ctrlv3_0274,请回答：伽利略的国际单位是什么？,1,unknown_controlled_v3,person,伽利略,国际单位,16,11,Qwen/Qwen2.5-0.5B-Instruct
ctrlv3_0275,请回答：镁的化学符号是什么？,0,known_controlled_v3,element,镁,化学符号,14,9,Qwen/Qwen2.5-0.5B-Instruct
ctrlv3_0276,请回答：水的化学式是什么？,0,known_controlled_v3,chemical_compound,水,化学式,13,9,Qwen/Qwen2.5-0.5B-Instruct
ctrlv3_0277,请回答：角速度的国际单位是什么？,0,known_controlled_v3,physical_quantity,角速度,国际单位,16,10,Qwen/Qwen2.5-0.5B-Instruct
ctrlv3_0278,请回答：黑格尔的出生国家是什么？,0,known_controlled_v3,person,黑格尔,出生国家,16,10,Qwen/Qwen2.5-0.5B-Instruct
ctrlv3_0279,请回答：五台山的主要设计者是什么？,1,unknown_controlled_v3,mountain,五台山,主要设计者,17,11,Qwen/Qwen2.5-0.5B-Instruct
ctrlv3_0280,请回答：瑞典的作者是什么？,1,unknown_controlled_v3,country,瑞典,作者,13,8,Qwen/Qwen2.5-0.5B-Instruct
ctrlv3_0281,请回答：PHP的主要设计者是什么？,0,known_controlled_v3,programming_language,PHP,主要设计者,17,9,Qwen/Qwen2.5-0.5B-Instruct
ctrlv3_0282,请回答：黑龙江的主要流经大洲是什么？,0,known_controlled_v3,river,黑龙江,主要流经大洲,18,11,Qwen/Qwen2.5-0.5B-Instruct
ctrlv3_0283,请回答：电感的国际单位是什么？,0,known_controlled_v3,physical_quantity,电感,国际单位,15,10,Qwen/Qwen2.5-0.5B-Instruct
ctrlv3_0284,请回答：富士山的主要设计者是什么？,1,unknown_controlled_v3,mountain,富士山,主要设计者,17,11,Qwen/Qwen2.5-0.5B-Instruct
ctrlv3_0285,请回答：湄公河的化学符号是什么？,1,unknown_controlled_v3,river,湄公河,化学符号,16,11,Qwen/Qwen2.5-0.5B-Instruct
ctrlv3_0286,请回答：长江的主要流经大洲是什么？,0,known_controlled_v3,river,长江,主要流经大洲,17,11,Qwen/Qwen2.5-0.5B-Instruct
ctrlv3_0287,请回答：钙的化学符号是什么？,0,known_controlled_v3,element,钙,化学符号,14,9,Qwen/Qwen2.5-0.5B-Instruct
ctrlv3_0288,请回答：锰的化学符号是什么？,0,known_controlled_v3,element,锰,化学符号,14,9,Qwen/Qwen2.5-0.5B-Instruct
ctrlv3_0289,请回答：碳酸氢钠的化学式是什么？,0,known_controlled_v3,chemical_compound,碳酸氢钠,化学式,16,11,Qwen/Qwen2.5-0.5B-Instruct
ctrlv3_0290,请回答：铅的主要流经大洲是什么？,1,unknown_controlled_v3,element,铅,主要流经大洲,16,11,Qwen/Qwen2.5-0.5B-Instruct
ctrlv3_0291,请回答：鄂毕河的化学符号是什么？,1,unknown_controlled_v3,river,鄂毕河,化学符号,16,11,Qwen/Qwen2.5-0.5B-Instruct
ctrlv3_0292,请回答：力的出生国家是什么？,1,unknown_controlled_v3,physical_quantity,力,出生国家,14,9,Qwen/Qwen2.5-0.5B-Instruct
ctrlv3_0293,请回答：《呼啸山庄》的首都是什么？,1,unknown_controlled_v3,book,《呼啸山庄》,首都,17,13,Qwen/Qwen2.5-0.5B-Instruct
ctrlv3_0294,请回答：氢气的总部所在地是什么？,1,unknown_controlled_v3,chemical_compound,氢气,总部所在地,16,10,Qwen/Qwen2.5-0.5B-Instruct
ctrlv3_0295,请回答：锂的主要流经大洲是什么？,1,unknown_controlled_v3,element,锂,主要流经大洲,16,11,Qwen/Qwen2.5-0.5B-Instruct
ctrlv3_0296,请回答：《朝花夕拾》的首都是什么？,1,unknown_controlled_v3,book,《朝花夕拾》,首都,17,14,Qwen/Qwen2.5-0.5B-Instruct
ctrlv3_0297,请回答：密西西比河的化学符号是什么？,1,unknown_controlled_v3,river,密西西比河,化学符号,18,13,Qwen/Qwen2.5-0.5B-Instruct
ctrlv3_0298,请回答：乔戈里峰的主要设计者是什么？,1,unknown_controlled_v3,mountain,乔戈里峰,主要设计者,18,12,Qwen/Qwen2.5-0.5B-Instruct
ctrlv3_0299,请回答：质量的国际单位是什么？,0,known_controlled_v3,physical_quantity,质量,国际单位,15,9,Qwen/Qwen2.5-0.5B-Instruct
ctrlv3_0300,请回答：Haskell的所在山脉是什么？,1,unknown_controlled_v3,programming_language,Haskell,所在山脉,20,10,Qwen/Qwen2.5-0.5B-Instruct
ctrlv3_0301,请回答：电容的出生国家是什么？,1,unknown_controlled_v3,physical_quantity,电容,出生国家,15,10,Qwen/Qwen2.5-0.5B-Instruct
ctrlv3_0302,请回答：雨果的出生国家是什么？,0,known_controlled_v3,person,雨果,出生国家,15,10,Qwen/Qwen2.5-0.5B-Instruct
ctrlv3_0303,请回答：国际法院的化学式是什么？,1,unknown_controlled_v3,organization,国际法院,化学式,16,10,Qwen/Qwen2.5-0.5B-Instruct
ctrlv3_0304,请回答：电容的国际单位是什么？,0,known_controlled_v3,physical_quantity,电容,国际单位,15,10,Qwen/Qwen2.5-0.5B-Instruct
ctrlv3_0305,请回答：北约的总部所在地是什么？,0,known_controlled_v3,organization,北约,总部所在地,16,9,Qwen/Qwen2.5-0.5B-Instruct
ctrlv3_0306,请回答：C++的主要设计者是什么？,0,known_controlled_v3,programming_language,C++,主要设计者,17,10,Qwen/Qwen2.5-0.5B-Instruct
ctrlv3_0307,请回答：道拉吉里峰的主要设计者是什么？,1,unknown_controlled_v3,mountain,道拉吉里峰,主要设计者,19,13,Qwen/Qwen2.5-0.5B-Instruct
ctrlv3_0308,请回答：石油输出国组织的化学式是什么？,1,unknown_controlled_v3,organization,石油输出国组织,化学式,19,12,Qwen/Qwen2.5-0.5B-Instruct
ctrlv3_0309,请回答：镍的主要流经大洲是什么？,1,unknown_controlled_v3,element,镍,主要流经大洲,16,11,Qwen/Qwen2.5-0.5B-Instruct
ctrlv3_0310,请回答：黄河的主要流经大洲是什么？,0,known_controlled_v3,river,黄河,主要流经大洲,17,11,Qwen/Qwen2.5-0.5B-Instruct
ctrlv3_0311,请回答：爱因斯坦的出生国家是什么？,0,known_controlled_v3,person,爱因斯坦,出生国家,17,11,Qwen/Qwen2.5-0.5B-Instruct
ctrlv3_0312,请回答：氖的主要流经大洲是什么？,1,unknown_controlled_v3,element,氖,主要流经大洲,16,11,Qwen/Qwen2.5-0.5B-Instruct
ctrlv3_0313,请回答：《傲慢与偏见》的首都是什么？,1,unknown_controlled_v3,book,《傲慢与偏见》,首都,18,15,Qwen/Qwen2.5-0.5B-Instruct
ctrlv3_0314,请回答：BASIC的主要设计者是什么？,0,known_controlled_v3,programming_language,BASIC,主要设计者,19,10,Qwen/Qwen2.5-0.5B-Instruct
ctrlv3_0315,请回答：瑞士的作者是什么？,1,unknown_controlled_v3,country,瑞士,作者,13,8,Qwen/Qwen2.5-0.5B-Instruct
ctrlv3_0316,请回答：巴西的作者是什么？,1,unknown_controlled_v3,country,巴西,作者,13,8,Qwen/Qwen2.5-0.5B-Instruct
ctrlv3_0317,请回答：镍的化学符号是什么？,0,known_controlled_v3,element,镍,化学符号,14,9,Qwen/Qwen2.5-0.5B-Instruct
ctrlv3_0318,请回答：唐古拉山主峰的所在山脉是什么？,0,known_controlled_v3,mountain,唐古拉山主峰,所在山脉,19,14,Qwen/Qwen2.5-0.5B-Instruct
ctrlv3_0319,请回答：硅的化学符号是什么？,0,known_controlled_v3,element,硅,化学符号,14,9,Qwen/Qwen2.5-0.5B-Instruct
ctrlv3_0320,请回答：托尔斯泰的出生国家是什么？,0,known_controlled_v3,person,托尔斯泰,出生国家,17,11,Qwen/Qwen2.5-0.5B-Instruct
ctrlv3_0321,请回答：国际电信联盟的总部所在地是什么？,0,known_controlled_v3,organization,国际电信联盟,总部所在地,20,11,Qwen/Qwen2.5-0.5B-Instruct
ctrlv3_0322,请回答：挪威的首都是什么？,0,known_controlled_v3,country,挪威,首都,13,9,Qwen/Qwen2.5-0.5B-Instruct
ctrlv3_0323,请回答：硼的主要流经大洲是什么？,1,unknown_controlled_v3,element,硼,主要流经大洲,16,11,Qwen/Qwen2.5-0.5B-Instruct
ctrlv3_0324,请回答：国际能源署的总部所在地是什么？,0,known_controlled_v3,organization,国际能源署,总部所在地,19,11,Qwen/Qwen2.5-0.5B-Instruct
ctrlv3_0325,请回答：拿破仑的出生国家是什么？,0,known_controlled_v3,person,拿破仑,出生国家,16,11,Qwen/Qwen2.5-0.5B-Instruct
ctrlv3_0326,请回答：《变形记》的首都是什么？,1,unknown_controlled_v3,book,《变形记》,首都,16,12,Qwen/Qwen2.5-0.5B-Instruct
ctrlv3_0327,请回答：厄尔布鲁士山的所在山脉是什么？,0,known_controlled_v3,mountain,厄尔布鲁士山,所在山脉,19,13,Qwen/Qwen2.5-0.5B-Instruct
ctrlv3_0328,请回答：卓奥友峰的主要设计者是什么？,1,unknown_controlled_v3,mountain,卓奥友峰,主要设计者,18,12,Qwen/Qwen2.5-0.5B-Instruct
ctrlv3_0329,请回答：世界知识产权组织的化学式是什么？,1,unknown_controlled_v3,organization,世界知识产权组织,化学式,20,11,Qwen/Qwen2.5-0.5B-Instruct
ctrlv3_0330,请回答：动量的出生国家是什么？,1,unknown_controlled_v3,physical_quantity,动量,出生国家,15,10,Qwen/Qwen2.5-0.5B-Instruct
ctrlv3_0331,请回答：氖的化学符号是什么？,0,known_controlled_v3,element,氖,化学符号,14,9,Qwen/Qwen2.5-0.5B-Instruct
ctrlv3_0332,请回答：《童年》的作者是什么？,0,known_controlled_v3,book,《童年》,作者,15,10,Qwen/Qwen2.5-0.5B-Instruct
ctrlv3_0333,请回答：南迦帕尔巴特峰的主要设计者是什么？,1,unknown_controlled_v3,mountain,南迦帕尔巴特峰,主要设计者,21,15,Qwen/Qwen2.5-0.5B-Instruct
ctrlv3_0334,请回答：南非的作者是什么？,1,unknown_controlled_v3,country,南非,作者,13,8,Qwen/Qwen2.5-0.5B-Instruct
ctrlv3_0335,请回答：MATLAB的所在山脉是什么？,1,unknown_controlled_v3,programming_language,MATLAB,所在山脉,19,10,Qwen/Qwen2.5-0.5B-Instruct
ctrlv3_0336,请回答：国际原子能机构的总部所在地是什么？,0,known_controlled_v3,organization,国际原子能机构,总部所在地,21,12,Qwen/Qwen2.5-0.5B-Instruct
ctrlv3_0337,请回答：葡萄牙的作者是什么？,1,unknown_controlled_v3,country,葡萄牙,作者,14,8,Qwen/Qwen2.5-0.5B-Instruct
ctrlv3_0338,请回答：英国的首都是什么？,0,known_controlled_v3,country,英国,首都,13,9,Qwen/Qwen2.5-0.5B-Instruct
ctrlv3_0339,请回答：锂的化学符号是什么？,0,known_controlled_v3,element,锂,化学符号,14,9,Qwen/Qwen2.5-0.5B-Instruct
ctrlv3_0340,请回答：氟的化学符号是什么？,0,known_controlled_v3,element,氟,化学符号,14,9,Qwen/Qwen2.5-0.5B-Instruct
ctrlv3_0341,请回答：庐山的主要设计者是什么？,1,unknown_controlled_v3,mountain,庐山,主要设计者,16,10,Qwen/Qwen2.5-0.5B-Instruct
ctrlv3_0342,请回答：密度的国际单位是什么？,0,known_controlled_v3,physical_quantity,密度,国际单位,15,9,Qwen/Qwen2.5-0.5B-Instruct
ctrlv3_0343,请回答：国际劳工组织的总部所在地是什么？,0,known_controlled_v3,organization,国际劳工组织,总部所在地,20,12,Qwen/Qwen2.5-0.5B-Instruct
ctrlv3_0344,请回答：肖邦的国际单位是什么？,1,unknown_controlled_v3,person,肖邦,国际单位,15,10,Qwen/Qwen2.5-0.5B-Instruct
ctrlv3_0345,请回答：联合国的化学式是什么？,1,unknown_controlled_v3,organization,联合国,化学式,15,9,Qwen/Qwen2.5-0.5B-Instruct
ctrlv3_0346,请回答：厄尔布鲁士山的主要设计者是什么？,1,unknown_controlled_v3,mountain,厄尔布鲁士山,主要设计者,20,13,Qwen/Qwen2.5-0.5B-Instruct
ctrlv3_0347,请回答：泰戈尔的出生国家是什么？,0,known_controlled_v3,person,泰戈尔,出生国家,16,11,Qwen/Qwen2.5-0.5B-Instruct
ctrlv3_0348,请回答：土耳其的作者是什么？,1,unknown_controlled_v3,country,土耳其,作者,14,8,Qwen/Qwen2.5-0.5B-Instruct
ctrlv3_0349,请回答：土耳其的首都是什么？,0,known_controlled_v3,country,土耳其,首都,14,9,Qwen/Qwen2.5-0.5B-Instruct
ctrlv3_0350,请回答：《战争与和平》的首都是什么？,1,unknown_controlled_v3,book,《战争与和平》,首都,18,13,Qwen/Qwen2.5-0.5B-Instruct
ctrlv3_0351,请回答：国际海事组织的总部所在地是什么？,0,known_controlled_v3,organization,国际海事组织,总部所在地,20,12,Qwen/Qwen2.5-0.5B-Instruct
ctrlv3_0352,请回答：铬的化学符号是什么？,0,known_controlled_v3,element,铬,化学符号,14,9,Qwen/Qwen2.5-0.5B-Instruct
ctrlv3_0353,请回答：一氧化碳的化学式是什么？,0,known_controlled_v3,chemical_compound,一氧化碳,化学式,16,11,Qwen/Qwen2.5-0.5B-Instruct
ctrlv3_0354,请回答：亚马孙河的主要流经大洲是什么？,0,known_controlled_v3,river,亚马孙河,主要流经大洲,19,13,Qwen/Qwen2.5-0.5B-Instruct
ctrlv3_0355,请回答：塔里木河的化学符号是什么？,1,unknown_controlled_v3,river,塔里木河,化学符号,17,12,Qwen/Qwen2.5-0.5B-Instruct
ctrlv3_0356,请回答：罗讷河的主要流经大洲是什么？,0,known_controlled_v3,river,罗讷河,主要流经大洲,18,13,Qwen/Qwen2.5-0.5B-Instruct
ctrlv3_0357,请回答：TypeScript的主要设计者是什么？,0,known_controlled_v3,programming_language,TypeScript,主要设计者,24,10,Qwen/Qwen2.5-0.5B-Instruct
ctrlv3_0358,请回答：巴赫的国际单位是什么？,1,unknown_controlled_v3,person,巴赫,国际单位,15,10,Qwen/Qwen2.5-0.5B-Instruct
ctrlv3_0359,请回答：《平凡的世界》的首都是什么？,1,unknown_controlled_v3,book,《平凡的世界》,首都,18,12,Qwen/Qwen2.5-0.5B-Instruct
ctrlv3_0360,请回答：黑格尔的国际单位是什么？,1,unknown_controlled_v3,person,黑格尔,国际单位,16,10,Qwen/Qwen2.5-0.5B-Instruct
ctrlv3_0361,请回答：锌的化学符号是什么？,0,known_controlled_v3,element,锌,化学符号,14,9,Qwen/Qwen2.5-0.5B-Instruct
ctrlv3_0362,请回答：Fortran的主要设计者是什么？,0,known_controlled_v3,programming_language,Fortran,主要设计者,21,10,Qwen/Qwen2.5-0.5B-Instruct
ctrlv3_0363,请回答：水的总部所在地是什么？,1,unknown_controlled_v3,chemical_compound,水,总部所在地,15,9,Qwen/Qwen2.5-0.5B-Instruct
ctrlv3_0364,请回答：赞比西河的化学符号是什么？,1,unknown_controlled_v3,river,赞比西河,化学符号,17,12,Qwen/Qwen2.5-0.5B-Instruct
ctrlv3_0365,请回答：门捷列夫的国际单位是什么？,1,unknown_controlled_v3,person,门捷列夫,国际单位,17,12,Qwen/Qwen2.5-0.5B-Instruct
ctrlv3_0366,请回答：硫化氢的总部所在地是什么？,1,unknown_controlled_v3,chemical_compound,硫化氢,总部所在地,17,11,Qwen/Qwen2.5-0.5B-Instruct
ctrlv3_0367,请回答：希腊的首都是什么？,0,known_controlled_v3,country,希腊,首都,13,9,Qwen/Qwen2.5-0.5B-Instruct
ctrlv3_0368,请回答：阿根廷的首都是什么？,0,known_controlled_v3,country,阿根廷,首都,14,9,Qwen/Qwen2.5-0.5B-Instruct
ctrlv3_0369,请回答：华盛顿的国际单位是什么？,1,unknown_controlled_v3,person,华盛顿,国际单位,16,9,Qwen/Qwen2.5-0.5B-Instruct
ctrlv3_0370,请回答：武夷山的所在山脉是什么？,0,known_controlled_v3,mountain,武夷山,所在山脉,16,11,Qwen/Qwen2.5-0.5B-Instruct
ctrlv3_0371,请回答：Objective-C的所在山脉是什么？,1,unknown_controlled_v3,programming_language,Objective-C,所在山脉,24,10,Qwen/Qwen2.5-0.5B-Instruct
ctrlv3_0372,请回答：牛顿的出生国家是什么？,0,known_controlled_v3,person,牛顿,出生国家,15,10,Qwen/Qwen2.5-0.5B-Instruct
ctrlv3_0373,请回答：智利的首都是什么？,0,known_controlled_v3,country,智利,首都,13,10,Qwen/Qwen2.5-0.5B-Instruct
ctrlv3_0374,请回答：日本的作者是什么？,1,unknown_controlled_v3,country,日本,作者,13,8,Qwen/Qwen2.5-0.5B-Instruct
ctrlv3_0375,请回答：Perl的主要设计者是什么？,0,known_controlled_v3,programming_language,Perl,主要设计者,18,9,Qwen/Qwen2.5-0.5B-Instruct
ctrlv3_0376,请回答：BASIC的所在山脉是什么？,1,unknown_controlled_v3,programming_language,BASIC,所在山脉,18,10,Qwen/Qwen2.5-0.5B-Instruct
ctrlv3_0377,请回答：《神曲》的首都是什么？,1,unknown_controlled_v3,book,《神曲》,首都,15,12,Qwen/Qwen2.5-0.5B-Instruct
ctrlv3_0378,请回答：面积的出生国家是什么？,1,unknown_controlled_v3,physical_quantity,面积,出生国家,15,9,Qwen/Qwen2.5-0.5B-Instruct
ctrlv3_0379,请回答：氢的主要流经大洲是什么？,1,unknown_controlled_v3,element,氢,主要流经大洲,16,11,Qwen/Qwen2.5-0.5B-Instruct
ctrlv3_0380,请回答：澳大利亚的首都是什么？,0,known_controlled_v3,country,澳大利亚,首都,15,9,Qwen/Qwen2.5-0.5B-Instruct
ctrlv3_0381,请回答：碳酸钙的总部所在地是什么？,1,unknown_controlled_v3,chemical_compound,碳酸钙,总部所在地,17,10,Qwen/Qwen2.5-0.5B-Instruct
ctrlv3_0382,请回答：Java的主要设计者是什么？,0,known_controlled_v3,programming_language,Java,主要设计者,18,9,Qwen/Qwen2.5-0.5B-Instruct
ctrlv3_0383,请回答：《局外人》的首都是什么？,1,unknown_controlled_v3,book,《局外人》,首都,16,13,Qwen/Qwen2.5-0.5B-Instruct
ctrlv3_0384,请回答：Lua的主要设计者是什么？,0,known_controlled_v3,programming_language,Lua,主要设计者,17,9,Qwen/Qwen2.5-0.5B-Instruct
ctrlv3_0385,请回答：《红楼梦》的首都是什么？,1,unknown_controlled_v3,book,《红楼梦》,首都,16,11,Qwen/Qwen2.5-0.5B-Instruct
ctrlv3_0386,请回答：国际标准化组织的化学式是什么？,1,unknown_controlled_v3,organization,国际标准化组织,化学式,19,11,Qwen/Qwen2.5-0.5B-Instruct
ctrlv3_0387,请回答：印度河的主要流经大洲是什么？,0,known_controlled_v3,river,印度河,主要流经大洲,18,12,Qwen/Qwen2.5-0.5B-Instruct
ctrlv3_0388,请回答：C#的主要设计者是什么？,0,known_controlled_v3,programming_language,C#,主要设计者,16,10,Qwen/Qwen2.5-0.5B-Instruct
ctrlv3_0389,请回答：压强的出生国家是什么？,1,unknown_controlled_v3,physical_quantity,压强,出生国家,15,10,Qwen/Qwen2.5-0.5B-Instruct
ctrlv3_0390,请回答：Julia的所在山脉是什么？,1,unknown_controlled_v3,programming_language,Julia,所在山脉,18,10,Qwen/Qwen2.5-0.5B-Instruct
ctrlv3_0391,请回答：锌的主要流经大洲是什么？,1,unknown_controlled_v3,element,锌,主要流经大洲,16,11,Qwen/Qwen2.5-0.5B-Instruct
ctrlv3_0392,请回答：Swift的主要设计者是什么？,0,known_controlled_v3,programming_language,Swift,主要设计者,19,9,Qwen/Qwen2.5-0.5B-Instruct
ctrlv3_0393,请回答：惠特尼山的所在山脉是什么？,0,known_controlled_v3,mountain,惠特尼山,所在山脉,17,12,Qwen/Qwen2.5-0.5B-Instruct
ctrlv3_0394,请回答：达尔文的国际单位是什么？,1,unknown_controlled_v3,person,达尔文,国际单位,16,10,Qwen/Qwen2.5-0.5B-Instruct
ctrlv3_0395,请回答：《家》的作者是什么？,0,known_controlled_v3,book,《家》,作者,14,10,Qwen/Qwen2.5-0.5B-Instruct
ctrlv3_0396,请回答：氩的主要流经大洲是什么？,1,unknown_controlled_v3,element,氩,主要流经大洲,16,11,Qwen/Qwen2.5-0.5B-Instruct
ctrlv3_0397,请回答：珠穆朗玛峰的主要设计者是什么？,1,unknown_controlled_v3,mountain,珠穆朗玛峰,主要设计者,19,13,Qwen/Qwen2.5-0.5B-Instruct
ctrlv3_0398,请回答：Go的所在山脉是什么？,1,unknown_controlled_v3,programming_language,Go,所在山脉,15,9,Qwen/Qwen2.5-0.5B-Instruct
ctrlv3_0399,请回答：频率的国际单位是什么？,0,known_controlled_v3,physical_quantity,频率,国际单位,15,9,Qwen/Qwen2.5-0.5B-Instruct
ctrlv3_0400,请回答：《平凡的世界》的作者是什么？,0,known_controlled_v3,book,《平凡的世界》,作者,18,11,Qwen/Qwen2.5-0.5B-Instruct
ctrlv3_0401,请回答：C语言的主要设计者是什么？,0,known_controlled_v3,programming_language,C语言,主要设计者,17,10,Qwen/Qwen2.5-0.5B-Instruct
ctrlv3_0402,请回答：碳的化学符号是什么？,0,known_controlled_v3,element,碳,化学符号,14,9,Qwen/Qwen2.5-0.5B-Instruct
ctrlv3_0403,请回答：体积的出生国家是什么？,1,unknown_controlled_v3,physical_quantity,体积,出生国家,15,9,Qwen/Qwen2.5-0.5B-Instruct
ctrlv3_0404,请回答：葡萄糖的总部所在地是什么？,1,unknown_controlled_v3,chemical_compound,葡萄糖,总部所在地,17,10,Qwen/Qwen2.5-0.5B-Instruct
ctrlv3_0405,请回答：《傲慢与偏见》的作者是什么？,0,known_controlled_v3,book,《傲慢与偏见》,作者,18,14,Qwen/Qwen2.5-0.5B-Instruct
ctrlv3_0406,请回答：喀喇昆仑山主峰的主要设计者是什么？,1,unknown_controlled_v3,mountain,喀喇昆仑山主峰,主要设计者,21,14,Qwen/Qwen2.5-0.5B-Instruct
ctrlv3_0407,请回答：亚马孙河的化学符号是什么？,1,unknown_controlled_v3,river,亚马孙河,化学符号,17,11,Qwen/Qwen2.5-0.5B-Instruct
ctrlv3_0408,请回答：镁的主要流经大洲是什么？,1,unknown_controlled_v3,element,镁,主要流经大洲,16,11,Qwen/Qwen2.5-0.5B-Instruct
ctrlv3_0409,请回答：《水浒传》的首都是什么？,1,unknown_controlled_v3,book,《水浒传》,首都,16,13,Qwen/Qwen2.5-0.5B-Instruct
ctrlv3_0410,请回答：《水浒传》的作者是什么？,0,known_controlled_v3,book,《水浒传》,作者,16,12,Qwen/Qwen2.5-0.5B-Instruct
ctrlv3_0411,请回答：马克思的出生国家是什么？,0,known_controlled_v3,person,马克思,出生国家,16,9,Qwen/Qwen2.5-0.5B-Instruct
ctrlv3_0412,请回答：塞纳河的主要流经大洲是什么？,0,known_controlled_v3,river,塞纳河,主要流经大洲,18,13,Qwen/Qwen2.5-0.5B-Instruct
ctrlv3_0413,请回答：干城章嘉峰的所在山脉是什么？,0,known_controlled_v3,mountain,干城章嘉峰,所在山脉,18,13,Qwen/Qwen2.5-0.5B-Instruct
ctrlv3_0414,请回答：阿根廷的作者是什么？,1,unknown_controlled_v3,country,阿根廷,作者,14,8,Qwen/Qwen2.5-0.5B-Instruct
ctrlv3_0415,请回答：密西西比河的主要流经大洲是什么？,0,known_controlled_v3,river,密西西比河,主要流经大洲,20,15,Qwen/Qwen2.5-0.5B-Instruct
ctrlv3_0416,请回答：林肯的出生国家是什么？,0,known_controlled_v3,person,林肯,出生国家,15,10,Qwen/Qwen2.5-0.5B-Instruct
ctrlv3_0417,请回答：芬兰的作者是什么？,1,unknown_controlled_v3,country,芬兰,作者,13,8,Qwen/Qwen2.5-0.5B-Instruct
ctrlv3_0418,请回答：瑞典的首都是什么？,0,known_controlled_v3,country,瑞典,首都,13,9,Qwen/Qwen2.5-0.5B-Instruct
ctrlv3_0419,请回答：易北河的主要流经大洲是什么？,0,known_controlled_v3,river,易北河,主要流经大洲,18,13,Qwen/Qwen2.5-0.5B-Instruct
ctrlv3_0420,请回答：二氧化碳的总部所在地是什么？,1,unknown_controlled_v3,chemical_compound,二氧化碳,总部所在地,18,9,Qwen/Qwen2.5-0.5B-Instruct
ctrlv3_0421,请回答：西班牙的作者是什么？,1,unknown_controlled_v3,country,西班牙,作者,14,8,Qwen/Qwen2.5-0.5B-Instruct
ctrlv3_0422,请回答：二氧化碳的化学式是什么？,0,known_controlled_v3,chemical_compound,二氧化碳,化学式,16,9,Qwen/Qwen2.5-0.5B-Instruct
ctrlv3_0423,请回答：过氧化氢的总部所在地是什么？,1,unknown_controlled_v3,chemical_compound,过氧化氢,总部所在地,18,11,Qwen/Qwen2.5-0.5B-Instruct
ctrlv3_0424,请回答：康德的国际单位是什么？,1,unknown_controlled_v3,person,康德,国际单位,15,10,Qwen/Qwen2.5-0.5B-Instruct
ctrlv3_0425,请回答：Perl的所在山脉是什么？,1,unknown_controlled_v3,programming_language,Perl,所在山脉,17,9,Qwen/Qwen2.5-0.5B-Instruct
ctrlv3_0426,请回答：磁感应强度的出生国家是什么？,1,unknown_controlled_v3,physical_quantity,磁感应强度,出生国家,18,11,Qwen/Qwen2.5-0.5B-Instruct
ctrlv3_0427,请回答：埃及的作者是什么？,1,unknown_controlled_v3,country,埃及,作者,13,8,Qwen/Qwen2.5-0.5B-Instruct
ctrlv3_0428,请回答：Lisp的所在山脉是什么？,1,unknown_controlled_v3,programming_language,Lisp,所在山脉,17,10,Qwen/Qwen2.5-0.5B-Instruct
ctrlv3_0429,请回答：氯气的总部所在地是什么？,1,unknown_controlled_v3,chemical_compound,氯气,总部所在地,16,10,Qwen/Qwen2.5-0.5B-Instruct
ctrlv3_0430,请回答：铝的化学符号是什么？,0,known_controlled_v3,element,铝,化学符号,14,9,Qwen/Qwen2.5-0.5B-Instruct
ctrlv3_0431,请回答：法国的首都是什么？,0,known_controlled_v3,country,法国,首都,13,9,Qwen/Qwen2.5-0.5B-Instruct
ctrlv3_0432,请回答：Haskell的主要设计者是什么？,0,known_controlled_v3,programming_language,Haskell,主要设计者,21,10,Qwen/Qwen2.5-0.5B-Instruct
ctrlv3_0433,请回答：巴赫的出生国家是什么？,0,known_controlled_v3,person,巴赫,出生国家,15,10,Qwen/Qwen2.5-0.5B-Instruct
ctrlv3_0434,请回答：C#的所在山脉是什么？,1,unknown_controlled_v3,programming_language,C#,所在山脉,15,10,Qwen/Qwen2.5-0.5B-Instruct
ctrlv3_0435,请回答：《一九八四》的作者是什么？,0,known_controlled_v3,book,《一九八四》,作者,17,13,Qwen/Qwen2.5-0.5B-Instruct
ctrlv3_0436,请回答：物质的量的国际单位是什么？,0,known_controlled_v3,physical_quantity,物质的量,国际单位,17,11,Qwen/Qwen2.5-0.5B-Instruct
ctrlv3_0437,请回答：国际奥委会的化学式是什么？,1,unknown_controlled_v3,organization,国际奥委会,化学式,17,11,Qwen/Qwen2.5-0.5B-Instruct
ctrlv3_0438,请回答：JavaScript的所在山脉是什么？,1,unknown_controlled_v3,programming_language,JavaScript,所在山脉,23,9,Qwen/Qwen2.5-0.5B-Instruct
ctrlv3_0439,请回答：《茶馆》的首都是什么？,1,unknown_controlled_v3,book,《茶馆》,首都,15,12,Qwen/Qwen2.5-0.5B-Instruct
ctrlv3_0440,请回答：碳的主要流经大洲是什么？,1,unknown_controlled_v3,element,碳,主要流经大洲,16,11,Qwen/Qwen2.5-0.5B-Instruct
ctrlv3_0441,请回答：磁通量的国际单位是什么？,0,known_controlled_v3,physical_quantity,磁通量,国际单位,16,11,Qwen/Qwen2.5-0.5B-Instruct
ctrlv3_0442,请回答：金的主要流经大洲是什么？,1,unknown_controlled_v3,element,金,主要流经大洲,16,11,Qwen/Qwen2.5-0.5B-Instruct
ctrlv3_0443,请回答：电阻的国际单位是什么？,0,known_controlled_v3,physical_quantity,电阻,国际单位,15,9,Qwen/Qwen2.5-0.5B-Instruct
ctrlv3_0444,请回答：氮气的化学式是什么？,0,known_controlled_v3,chemical_compound,氮气,化学式,14,10,Qwen/Qwen2.5-0.5B-Instruct
ctrlv3_0445,请回答：铁的化学符号是什么？,0,known_controlled_v3,element,铁,化学符号,14,9,Qwen/Qwen2.5-0.5B-Instruct
ctrlv3_0446,请回答：长度的出生国家是什么？,1,unknown_controlled_v3,physical_quantity,长度,出生国家,15,9,Qwen/Qwen2.5-0.5B-Instruct
ctrlv3_0447,请回答：南非的首都是什么？,0,known_controlled_v3,country,南非,首都,13,9,Qwen/Qwen2.5-0.5B-Instruct
ctrlv3_0448,请回答：伏尔加河的化学符号是什么？,1,unknown_controlled_v3,river,伏尔加河,化学符号,17,12,Qwen/Qwen2.5-0.5B-Instruct
ctrlv3_0449,请回答：《悲惨世界》的首都是什么？,1,unknown_controlled_v3,book,《悲惨世界》,首都,17,13,Qwen/Qwen2.5-0.5B-Instruct
ctrlv3_0450,请回答：亚里士多德的出生国家是什么？,0,known_controlled_v3,person,亚里士多德,出生国家,18,13,Qwen/Qwen2.5-0.5B-Instruct
ctrlv3_0451,请回答：湄公河的主要流经大洲是什么？,0,known_controlled_v3,river,湄公河,主要流经大洲,18,13,Qwen/Qwen2.5-0.5B-Instruct
ctrlv3_0452,请回答：R语言的主要设计者是什么？,0,known_controlled_v3,programming_language,R语言,主要设计者,17,10,Qwen/Qwen2.5-0.5B-Instruct
ctrlv3_0453,请回答：贝多芬的出生国家是什么？,0,known_controlled_v3,person,贝多芬,出生国家,16,11,Qwen/Qwen2.5-0.5B-Instruct
ctrlv3_0454,请回答：温度的国际单位是什么？,0,known_controlled_v3,physical_quantity,温度,国际单位,15,9,Qwen/Qwen2.5-0.5B-Instruct
ctrlv3_0455,请回答：功的出生国家是什么？,1,unknown_controlled_v3,physical_quantity,功,出生国家,14,9,Qwen/Qwen2.5-0.5B-Instruct
ctrlv3_0456,请回答：法国的作者是什么？,1,unknown_controlled_v3,country,法国,作者,13,8,Qwen/Qwen2.5-0.5B-Instruct
ctrlv3_0457,请回答：欧洲中央银行的总部所在地是什么？,0,known_controlled_v3,organization,欧洲中央银行,总部所在地,20,11,Qwen/Qwen2.5-0.5B-Instruct
ctrlv3_0458,请回答：马纳斯卢峰的主要设计者是什么？,1,unknown_controlled_v3,mountain,马纳斯卢峰,主要设计者,19,12,Qwen/Qwen2.5-0.5B-Instruct
ctrlv3_0459,请回答：东盟的总部所在地是什么？,0,known_controlled_v3,organization,东盟,总部所在地,16,9,Qwen/Qwen2.5-0.5B-Instruct
ctrlv3_0460,请回答：氢气的化学式是什么？,0,known_controlled_v3,chemical_compound,氢气,化学式,14,10,Qwen/Qwen2.5-0.5B-Instruct
ctrlv3_0461,请回答：Julia的主要设计者是什么？,0,known_controlled_v3,programming_language,Julia,主要设计者,19,10,Qwen/Qwen2.5-0.5B-Instruct
ctrlv3_0462,请回答：硫酸铜的化学式是什么？,0,known_controlled_v3,chemical_compound,硫酸铜,化学式,15,10,Qwen/Qwen2.5-0.5B-Instruct
ctrlv3_0463,请回答：氦的化学符号是什么？,0,known_controlled_v3,element,氦,化学符号,14,9,Qwen/Qwen2.5-0.5B-Instruct
ctrlv3_0464,请回答：马克思的国际单位是什么？,1,unknown_controlled_v3,person,马克思,国际单位,16,9,Qwen/Qwen2.5-0.5B-Instruct
ctrlv3_0465,请回答：硫酸的化学式是什么？,0,known_controlled_v3,chemical_compound,硫酸,化学式,14,9,Qwen/Qwen2.5-0.5B-Instruct
ctrlv3_0466,请回答：伽利略的出生国家是什么？,0,known_controlled_v3,person,伽利略,出生国家,16,11,Qwen/Qwen2.5-0.5B-Instruct
ctrlv3_0467,请回答：TypeScript的所在山脉是什么？,1,unknown_controlled_v3,programming_language,TypeScript,所在山脉,23,10,Qwen/Qwen2.5-0.5B-Instruct
ctrlv3_0468,请回答：光强的出生国家是什么？,1,unknown_controlled_v3,physical_quantity,光强,出生国家,15,10,Qwen/Qwen2.5-0.5B-Instruct
ctrlv3_0469,请回答：碘的主要流经大洲是什么？,1,unknown_controlled_v3,element,碘,主要流经大洲,16,11,Qwen/Qwen2.5-0.5B-Instruct
ctrlv3_0470,请回答：肯尼亚的首都是什么？,0,known_controlled_v3,country,肯尼亚,首都,14,10,Qwen/Qwen2.5-0.5B-Instruct
ctrlv3_0471,请回答：贝多芬的国际单位是什么？,1,unknown_controlled_v3,person,贝多芬,国际单位,16,11,Qwen/Qwen2.5-0.5B-Instruct
ctrlv3_0472,请回答：C语言的所在山脉是什么？,1,unknown_controlled_v3,programming_language,C语言,所在山脉,16,10,Qwen/Qwen2.5-0.5B-Instruct
ctrlv3_0473,请回答：加拿大的作者是什么？,1,unknown_controlled_v3,country,加拿大,作者,14,8,Qwen/Qwen2.5-0.5B-Instruct
ctrlv3_0474,请回答：Ruby的所在山脉是什么？,1,unknown_controlled_v3,programming_language,Ruby,所在山脉,17,9,Qwen/Qwen2.5-0.5B-Instruct
ctrlv3_0475,请回答：奥里诺科河的化学符号是什么？,1,unknown_controlled_v3,river,奥里诺科河,化学符号,18,13,Qwen/Qwen2.5-0.5B-Instruct
ctrlv3_0476,请回答：氨气的化学式是什么？,0,known_controlled_v3,chemical_compound,氨气,化学式,14,10,Qwen/Qwen2.5-0.5B-Instruct
ctrlv3_0477,请回答：勃朗峰的主要设计者是什么？,1,unknown_controlled_v3,mountain,勃朗峰,主要设计者,17,11,Qwen/Qwen2.5-0.5B-Instruct
ctrlv3_0478,请回答：国际民航组织的化学式是什么？,1,unknown_controlled_v3,organization,国际民航组织,化学式,18,11,Qwen/Qwen2.5-0.5B-Instruct
ctrlv3_0479,请回答：Java的所在山脉是什么？,1,unknown_controlled_v3,programming_language,Java,所在山脉,17,9,Qwen/Qwen2.5-0.5B-Instruct
ctrlv3_0480,请回答：北约的化学式是什么？,1,unknown_controlled_v3,organization,北约,化学式,14,9,Qwen/Qwen2.5-0.5B-Instruct
ctrlv3_0481,请回答：世界贸易组织的化学式是什么？,1,unknown_controlled_v3,organization,世界贸易组织,化学式,18,11,Qwen/Qwen2.5-0.5B-Instruct
ctrlv3_0482,请回答：Dart的主要设计者是什么？,0,known_controlled_v3,programming_language,Dart,主要设计者,18,10,Qwen/Qwen2.5-0.5B-Instruct
ctrlv3_0483,请回答：钠的主要流经大洲是什么？,1,unknown_controlled_v3,element,钠,主要流经大洲,16,11,Qwen/Qwen2.5-0.5B-Instruct
ctrlv3_0484,请回答：Pascal的所在山脉是什么？,1,unknown_controlled_v3,programming_language,Pascal,所在山脉,19,10,Qwen/Qwen2.5-0.5B-Instruct
ctrlv3_0485,请回答：富士山的所在山脉是什么？,0,known_controlled_v3,mountain,富士山,所在山脉,16,11,Qwen/Qwen2.5-0.5B-Instruct
ctrlv3_0486,请回答：Erlang的所在山脉是什么？,1,unknown_controlled_v3,programming_language,Erlang,所在山脉,19,11,Qwen/Qwen2.5-0.5B-Instruct
ctrlv3_0487,请回答：洛子峰的主要设计者是什么？,1,unknown_controlled_v3,mountain,洛子峰,主要设计者,17,11,Qwen/Qwen2.5-0.5B-Instruct
ctrlv3_0488,请回答：铁的主要流经大洲是什么？,1,unknown_controlled_v3,element,铁,主要流经大洲,16,11,Qwen/Qwen2.5-0.5B-Instruct
ctrlv3_0489,请回答：《朝花夕拾》的作者是什么？,0,known_controlled_v3,book,《朝花夕拾》,作者,17,13,Qwen/Qwen2.5-0.5B-Instruct
ctrlv3_0490,请回答：尼日利亚的首都是什么？,0,known_controlled_v3,country,尼日利亚,首都,15,11,Qwen/Qwen2.5-0.5B-Instruct
ctrlv3_0491,请回答：加速度的国际单位是什么？,0,known_controlled_v3,physical_quantity,加速度,国际单位,16,10,Qwen/Qwen2.5-0.5B-Instruct
ctrlv3_0492,请回答：德国的首都是什么？,0,known_controlled_v3,country,德国,首都,13,9,Qwen/Qwen2.5-0.5B-Instruct
ctrlv3_0493,请回答：苏格拉底的出生国家是什么？,0,known_controlled_v3,person,苏格拉底,出生国家,17,12,Qwen/Qwen2.5-0.5B-Instruct
ctrlv3_0494,请回答：卓奥友峰的所在山脉是什么？,0,known_controlled_v3,mountain,卓奥友峰,所在山脉,17,12,Qwen/Qwen2.5-0.5B-Instruct
ctrlv3_0495,请回答：多瑙河的主要流经大洲是什么？,0,known_controlled_v3,river,多瑙河,主要流经大洲,18,13,Qwen/Qwen2.5-0.5B-Instruct
ctrlv3_0496,请回答：刚果河的主要流经大洲是什么？,0,known_controlled_v3,river,刚果河,主要流经大洲,18,13,Qwen/Qwen2.5-0.5B-Instruct
ctrlv3_0497,请回答：《边城》的作者是什么？,0,known_controlled_v3,book,《边城》,作者,15,11,Qwen/Qwen2.5-0.5B-Instruct
ctrlv3_0498,请回答：《小王子》的作者是什么？,0,known_controlled_v3,book,《小王子》,作者,16,11,Qwen/Qwen2.5-0.5B-Instruct
ctrlv3_0499,请回答：国际货币基金组织的化学式是什么？,1,unknown_controlled_v3,organization,国际货币基金组织,化学式,20,12,Qwen/Qwen2.5-0.5B-Instruct
ctrlv3_0500,请回答：石油输出国组织的总部所在地是什么？,0,known_controlled_v3,organization,石油输出国组织,总部所在地,21,12,Qwen/Qwen2.5-0.5B-Instruct
ctrlv3_0501,请回答：阿姆河的主要流经大洲是什么？,0,known_controlled_v3,river,阿姆河,主要流经大洲,18,13,Qwen/Qwen2.5-0.5B-Instruct
ctrlv3_0502,请回答：泰山的主要设计者是什么？,1,unknown_controlled_v3,mountain,泰山,主要设计者,16,9,Qwen/Qwen2.5-0.5B-Instruct
ctrlv3_0503,请回答：亚洲开发银行的化学式是什么？,1,unknown_controlled_v3,organization,亚洲开发银行,化学式,18,11,Qwen/Qwen2.5-0.5B-Instruct
ctrlv3_0504,请回答：阿姆河的化学符号是什么？,1,unknown_controlled_v3,river,阿姆河,化学符号,16,11,Qwen/Qwen2.5-0.5B-Instruct
ctrlv3_0505,请回答：达芬奇的出生国家是什么？,0,known_controlled_v3,person,达芬奇,出生国家,16,11,Qwen/Qwen2.5-0.5B-Instruct
ctrlv3_0506,请回答：葡萄糖的化学式是什么？,0,known_controlled_v3,chemical_compound,葡萄糖,化学式,15,10,Qwen/Qwen2.5-0.5B-Instruct
ctrlv3_0507,请回答：叶尼塞河的化学符号是什么？,1,unknown_controlled_v3,river,叶尼塞河,化学符号,17,12,Qwen/Qwen2.5-0.5B-Instruct
ctrlv3_0508,请回答：珠江的化学符号是什么？,1,unknown_controlled_v3,river,珠江,化学符号,15,9,Qwen/Qwen2.5-0.5B-Instruct
ctrlv3_0509,请回答：特斯拉的国际单位是什么？,1,unknown_controlled_v3,person,特斯拉,国际单位,16,9,Qwen/Qwen2.5-0.5B-Instruct
ctrlv3_0510,请回答：氯化钠的化学式是什么？,0,known_controlled_v3,chemical_compound,氯化钠,化学式,15,11,Qwen/Qwen2.5-0.5B-Instruct
ctrlv3_0511,请回答：维苏威火山的所在山脉是什么？,0,known_controlled_v3,mountain,维苏威火山,所在山脉,18,12,Qwen/Qwen2.5-0.5B-Instruct
ctrlv3_0512,请回答：泰晤士河的化学符号是什么？,1,unknown_controlled_v3,river,泰晤士河,化学符号,17,12,Qwen/Qwen2.5-0.5B-Instruct
ctrlv3_0513,请回答：氯化钾的化学式是什么？,0,known_controlled_v3,chemical_compound,氯化钾,化学式,15,11,Qwen/Qwen2.5-0.5B-Instruct
ctrlv3_0514,请回答：角速度的出生国家是什么？,1,unknown_controlled_v3,physical_quantity,角速度,出生国家,16,10,Qwen/Qwen2.5-0.5B-Instruct
ctrlv3_0515,请回答：雨果的国际单位是什么？,1,unknown_controlled_v3,person,雨果,国际单位,15,10,Qwen/Qwen2.5-0.5B-Instruct
ctrlv3_0516,请回答：Lua的所在山脉是什么？,1,unknown_controlled_v3,programming_language,Lua,所在山脉,16,9,Qwen/Qwen2.5-0.5B-Instruct
ctrlv3_0517,请回答：国际足联的化学式是什么？,1,unknown_controlled_v3,organization,国际足联,化学式,16,11,Qwen/Qwen2.5-0.5B-Instruct
ctrlv3_0518,请回答：铜的化学符号是什么？,0,known_controlled_v3,element,铜,化学符号,14,9,Qwen/Qwen2.5-0.5B-Instruct
ctrlv3_0519,请回答：国际足联的总部所在地是什么？,0,known_controlled_v3,organization,国际足联,总部所在地,18,11,Qwen/Qwen2.5-0.5B-Instruct
ctrlv3_0520,请回答：《西游记》的首都是什么？,1,unknown_controlled_v3,book,《西游记》,首都,16,13,Qwen/Qwen2.5-0.5B-Instruct
ctrlv3_0521,请回答：叶尼塞河的主要流经大洲是什么？,0,known_controlled_v3,river,叶尼塞河,主要流经大洲,19,14,Qwen/Qwen2.5-0.5B-Instruct
ctrlv3_0522,请回答：笛卡尔的出生国家是什么？,0,known_controlled_v3,person,笛卡尔,出生国家,16,10,Qwen/Qwen2.5-0.5B-Instruct
ctrlv3_0523,请回答：铜的主要流经大洲是什么？,1,unknown_controlled_v3,element,铜,主要流经大洲,16,11,Qwen/Qwen2.5-0.5B-Instruct
ctrlv3_0524,请回答：武夷山的主要设计者是什么？,1,unknown_controlled_v3,mountain,武夷山,主要设计者,17,11,Qwen/Qwen2.5-0.5B-Instruct
ctrlv3_0525,请回答：世界自然基金会的总部所在地是什么？,0,known_controlled_v3,organization,世界自然基金会,总部所在地,21,11,Qwen/Qwen2.5-0.5B-Instruct
ctrlv3_0526,请回答：尼日利亚的作者是什么？,1,unknown_controlled_v3,country,尼日利亚,作者,15,10,Qwen/Qwen2.5-0.5B-Instruct
ctrlv3_0527,请回答：硼的化学符号是什么？,0,known_controlled_v3,element,硼,化学符号,14,9,Qwen/Qwen2.5-0.5B-Instruct
ctrlv3_0528,请回答：阿拉伯联盟的总部所在地是什么？,0,known_controlled_v3,organization,阿拉伯联盟,总部所在地,19,10,Qwen/Qwen2.5-0.5B-Instruct
ctrlv3_0529,请回答：鄂毕河的主要流经大洲是什么？,0,known_controlled_v3,river,鄂毕河,主要流经大洲,18,13,Qwen/Qwen2.5-0.5B-Instruct
ctrlv3_0530,请回答：柏拉图的出生国家是什么？,0,known_controlled_v3,person,柏拉图,出生国家,16,11,Qwen/Qwen2.5-0.5B-Instruct
ctrlv3_0531,请回答：热量的出生国家是什么？,1,unknown_controlled_v3,physical_quantity,热量,出生国家,15,9,Qwen/Qwen2.5-0.5B-Instruct
ctrlv3_0532,请回答：氧化铝的总部所在地是什么？,1,unknown_controlled_v3,chemical_compound,氧化铝,总部所在地,17,10,Qwen/Qwen2.5-0.5B-Instruct
ctrlv3_0533,请回答：喀喇昆仑山主峰的所在山脉是什么？,0,known_controlled_v3,mountain,喀喇昆仑山主峰,所在山脉,20,14,Qwen/Qwen2.5-0.5B-Instruct
ctrlv3_0534,请回答：硫酸铜的总部所在地是什么？,1,unknown_controlled_v3,chemical_compound,硫酸铜,总部所在地,17,10,Qwen/Qwen2.5-0.5B-Instruct
ctrlv3_0535,请回答：《围城》的首都是什么？,1,unknown_controlled_v3,book,《围城》,首都,15,12,Qwen/Qwen2.5-0.5B-Instruct
ctrlv3_0536,请回答：塞纳河的化学符号是什么？,1,unknown_controlled_v3,river,塞纳河,化学符号,16,11,Qwen/Qwen2.5-0.5B-Instruct
ctrlv3_0537,请回答：世界气象组织的总部所在地是什么？,0,known_controlled_v3,organization,世界气象组织,总部所在地,20,11,Qwen/Qwen2.5-0.5B-Instruct
ctrlv3_0538,请回答：牛顿的国际单位是什么？,1,unknown_controlled_v3,person,牛顿,国际单位,15,10,Qwen/Qwen2.5-0.5B-Instruct
ctrlv3_0539,请回答：居里夫人的国际单位是什么？,1,unknown_controlled_v3,person,居里夫人,国际单位,17,11,Qwen/Qwen2.5-0.5B-Instruct
ctrlv3_0540,请回答：氧化铝的化学式是什么？,0,known_controlled_v3,chemical_compound,氧化铝,化学式,15,10,Qwen/Qwen2.5-0.5B-Instruct
ctrlv3_0541,请回答：拿破仑的国际单位是什么？,1,unknown_controlled_v3,person,拿破仑,国际单位,16,11,Qwen/Qwen2.5-0.5B-Instruct
ctrlv3_0542,请回答：放射性活度的国际单位是什么？,0,known_controlled_v3,physical_quantity,放射性活度,国际单位,18,12,Qwen/Qwen2.5-0.5B-Instruct
ctrlv3_0543,请回答：惠特尼山的主要设计者是什么？,1,unknown_controlled_v3,mountain,惠特尼山,主要设计者,18,12,Qwen/Qwen2.5-0.5B-Instruct
ctrlv3_0544,请回答：阿空加瓜山的主要设计者是什么？,1,unknown_controlled_v3,mountain,阿空加瓜山,主要设计者,19,13,Qwen/Qwen2.5-0.5B-Instruct
ctrlv3_0545,请回答：《家》的首都是什么？,1,unknown_controlled_v3,book,《家》,首都,14,11,Qwen/Qwen2.5-0.5B-Instruct
ctrlv3_0546,请回答：峨眉山的主要设计者是什么？,1,unknown_controlled_v3,mountain,峨眉山,主要设计者,17,11,Qwen/Qwen2.5-0.5B-Instruct
ctrlv3_0547,请回答：《哈姆雷特》的首都是什么？,1,unknown_controlled_v3,book,《哈姆雷特》,首都,17,14,Qwen/Qwen2.5-0.5B-Instruct
ctrlv3_0548,请回答：额尔齐斯河的主要流经大洲是什么？,0,known_controlled_v3,river,额尔齐斯河,主要流经大洲,20,15,Qwen/Qwen2.5-0.5B-Instruct
ctrlv3_0549,请回答：欧洲中央银行的化学式是什么？,1,unknown_controlled_v3,organization,欧洲中央银行,化学式,18,11,Qwen/Qwen2.5-0.5B-Instruct
ctrlv3_0550,请回答：瑞士的首都是什么？,0,known_controlled_v3,country,瑞士,首都,13,9,Qwen/Qwen2.5-0.5B-Instruct
ctrlv3_0551,请回答：《边城》的首都是什么？,1,unknown_controlled_v3,book,《边城》,首都,15,12,Qwen/Qwen2.5-0.5B-Instruct
ctrlv3_0552,请回答：世界贸易组织的总部所在地是什么？,0,known_controlled_v3,organization,世界贸易组织,总部所在地,20,11,Qwen/Qwen2.5-0.5B-Instruct
ctrlv3_0553,请回答：莫扎特的出生国家是什么？,0,known_controlled_v3,person,莫扎特,出生国家,16,11,Qwen/Qwen2.5-0.5B-Instruct
ctrlv3_0554,请回答：氢的化学符号是什么？,0,known_controlled_v3,element,氢,化学符号,14,9,Qwen/Qwen2.5-0.5B-Instruct
ctrlv3_0555,请回答：《哈姆雷特》的作者是什么？,0,known_controlled_v3,book,《哈姆雷特》,作者,17,13,Qwen/Qwen2.5-0.5B-Instruct
ctrlv3_0556,请回答：苏格拉底的国际单位是什么？,1,unknown_controlled_v3,person,苏格拉底,国际单位,17,12,Qwen/Qwen2.5-0.5B-Instruct
ctrlv3_0557,请回答：氯化钠的总部所在地是什么？,1,unknown_controlled_v3,chemical_compound,氯化钠,总部所在地,17,11,Qwen/Qwen2.5-0.5B-Instruct
ctrlv3_0558,请回答：马卡鲁峰的主要设计者是什么？,1,unknown_controlled_v3,mountain,马卡鲁峰,主要设计者,18,12,Qwen/Qwen2.5-0.5B-Instruct
ctrlv3_0559,请回答：功的国际单位是什么？,0,known_controlled_v3,physical_quantity,功,国际单位,14,9,Qwen/Qwen2.5-0.5B-Instruct
ctrlv3_0560,请回答：波兰的首都是什么？,0,known_controlled_v3,country,波兰,首都,13,9,Qwen/Qwen2.5-0.5B-Instruct
ctrlv3_0561,请回答：泰晤士河的主要流经大洲是什么？,0,known_controlled_v3,river,泰晤士河,主要流经大洲,19,14,Qwen/Qwen2.5-0.5B-Instruct
ctrlv3_0562,请回答：氩的化学符号是什么？,0,known_controlled_v3,element,氩,化学符号,14,9,Qwen/Qwen2.5-0.5B-Instruct
ctrlv3_0563,请回答：莎士比亚的国际单位是什么？,1,unknown_controlled_v3,person,莎士比亚,国际单位,17,11,Qwen/Qwen2.5-0.5B-Instruct
ctrlv3_0564,请回答：《童年》的首都是什么？,1,unknown_controlled_v3,book,《童年》,首都,15,11,Qwen/Qwen2.5-0.5B-Instruct
ctrlv3_0565,请回答：柏拉图的国际单位是什么？,1,unknown_controlled_v3,person,柏拉图,国际单位,16,11,Qwen/Qwen2.5-0.5B-Instruct
ctrlv3_0566,请回答：《复活》的作者是什么？,0,known_controlled_v3,book,《复活》,作者,15,10,Qwen/Qwen2.5-0.5B-Instruct
ctrlv3_0567,请回答：奥林匹斯山的主要设计者是什么？,1,unknown_controlled_v3,mountain,奥林匹斯山,主要设计者,19,11,Qwen/Qwen2.5-0.5B-Instruct
ctrlv3_0568,请回答：汞的化学符号是什么？,0,known_controlled_v3,element,汞,化学符号,14,9,Qwen/Qwen2.5-0.5B-Instruct
ctrlv3_0569,请回答：非洲联盟的总部所在地是什么？,0,known_controlled_v3,organization,非洲联盟,总部所在地,18,10,Qwen/Qwen2.5-0.5B-Instruct
ctrlv3_0570,请回答：乙酸的总部所在地是什么？,1,unknown_controlled_v3,chemical_compound,乙酸,总部所在地,16,10,Qwen/Qwen2.5-0.5B-Instruct
ctrlv3_0571,请回答：泰山的所在山脉是什么？,0,known_controlled_v3,mountain,泰山,所在山脉,15,9,Qwen/Qwen2.5-0.5B-Instruct
ctrlv3_0572,请回答：碘的化学符号是什么？,0,known_controlled_v3,element,碘,化学符号,14,9,Qwen/Qwen2.5-0.5B-Instruct
ctrlv3_0573,请回答：阿尔卑斯山主峰的所在山脉是什么？,0,known_controlled_v3,mountain,阿尔卑斯山主峰,所在山脉,20,14,Qwen/Qwen2.5-0.5B-Instruct
ctrlv3_0574,请回答：二氧化硫的总部所在地是什么？,1,unknown_controlled_v3,chemical_compound,二氧化硫,总部所在地,18,10,Qwen/Qwen2.5-0.5B-Instruct
ctrlv3_0575,请回答：巴西的首都是什么？,0,known_controlled_v3,country,巴西,首都,13,9,Qwen/Qwen2.5-0.5B-Instruct
ctrlv3_0576,请回答：拉普拉塔河的主要流经大洲是什么？,0,known_controlled_v3,river,拉普拉塔河,主要流经大洲,20,15,Qwen/Qwen2.5-0.5B-Instruct
ctrlv3_0577,请回答：电感的出生国家是什么？,1,unknown_controlled_v3,physical_quantity,电感,出生国家,15,10,Qwen/Qwen2.5-0.5B-Instruct
ctrlv3_0578,请回答：阿拉伯联盟的化学式是什么？,1,unknown_controlled_v3,organization,阿拉伯联盟,化学式,17,10,Qwen/Qwen2.5-0.5B-Instruct
ctrlv3_0579,请回答：电流的出生国家是什么？,1,unknown_controlled_v3,physical_quantity,电流,出生国家,15,9,Qwen/Qwen2.5-0.5B-Instruct
ctrlv3_0580,请回答：奥林匹斯山的所在山脉是什么？,0,known_controlled_v3,mountain,奥林匹斯山,所在山脉,18,11,Qwen/Qwen2.5-0.5B-Instruct
ctrlv3_0581,请回答：国际刑警组织的化学式是什么？,1,unknown_controlled_v3,organization,国际刑警组织,化学式,18,11,Qwen/Qwen2.5-0.5B-Instruct
ctrlv3_0582,请回答：玉山的所在山脉是什么？,0,known_controlled_v3,mountain,玉山,所在山脉,15,10,Qwen/Qwen2.5-0.5B-Instruct
ctrlv3_0583,请回答：意大利的作者是什么？,1,unknown_controlled_v3,country,意大利,作者,14,8,Qwen/Qwen2.5-0.5B-Instruct
ctrlv3_0584,请回答：Fortran的所在山脉是什么？,1,unknown_controlled_v3,programming_language,Fortran,所在山脉,20,10,Qwen/Qwen2.5-0.5B-Instruct
ctrlv3_0585,请回答：国际民航组织的总部所在地是什么？,0,known_controlled_v3,organization,国际民航组织,总部所在地,20,11,Qwen/Qwen2.5-0.5B-Instruct
ctrlv3_0586,请回答：东盟的化学式是什么？,1,unknown_controlled_v3,organization,东盟,化学式,14,9,Qwen/Qwen2.5-0.5B-Instruct
ctrlv3_0587,请回答：《复活》的首都是什么？,1,unknown_controlled_v3,book,《复活》,首都,15,11,Qwen/Qwen2.5-0.5B-Instruct
ctrlv3_0588,请回答：葡萄牙的首都是什么？,0,known_controlled_v3,country,葡萄牙,首都,14,9,Qwen/Qwen2.5-0.5B-Instruct
ctrlv3_0589,请回答：俄罗斯的首都是什么？,0,known_controlled_v3,country,俄罗斯,首都,14,9,Qwen/Qwen2.5-0.5B-Instruct
ctrlv3_0590,请回答：电荷量的国际单位是什么？,0,known_controlled_v3,physical_quantity,电荷量,国际单位,16,11,Qwen/Qwen2.5-0.5B-Instruct
ctrlv3_0591,请回答：《百年孤独》的首都是什么？,1,unknown_controlled_v3,book,《百年孤独》,首都,17,12,Qwen/Qwen2.5-0.5B-Instruct
ctrlv3_0592,请回答：安纳布尔纳峰的所在山脉是什么？,0,known_controlled_v3,mountain,安纳布尔纳峰,所在山脉,19,13,Qwen/Qwen2.5-0.5B-Instruct
ctrlv3_0593,请回答：《子夜》的作者是什么？,0,known_controlled_v3,book,《子夜》,作者,15,11,Qwen/Qwen2.5-0.5B-Instruct
ctrlv3_0594,请回答：氢氧化钠的化学式是什么？,0,known_controlled_v3,chemical_compound,氢氧化钠,化学式,16,11,Qwen/Qwen2.5-0.5B-Instruct
ctrlv3_0595,请回答：世界知识产权组织的总部所在地是什么？,0,known_controlled_v3,organization,世界知识产权组织,总部所在地,22,11,Qwen/Qwen2.5-0.5B-Instruct
ctrlv3_0596,请回答：恒河的主要流经大洲是什么？,0,known_controlled_v3,river,恒河,主要流经大洲,17,12,Qwen/Qwen2.5-0.5B-Instruct
ctrlv3_0597,请回答：墨累河的化学符号是什么？,1,unknown_controlled_v3,river,墨累河,化学符号,16,11,Qwen/Qwen2.5-0.5B-Instruct
ctrlv3_0598,请回答：德国的作者是什么？,1,unknown_controlled_v3,country,德国,作者,13,8,Qwen/Qwen2.5-0.5B-Instruct
ctrlv3_0599,请回答：《局外人》的作者是什么？,0,known_controlled_v3,book,《局外人》,作者,16,12,Qwen/Qwen2.5-0.5B-Instruct
